userId,energy
dc855763e35ff807b03cea634262f13afc6609d163df5097c70d996bc34c8c81,434.7054361260677
c75b1ebcdc91225f565a0bef1d953876c7f24cfa46478c061fab7491393f8cea,1514.01645232582
8ab4bc237fe35aa7672ef05391e7ab1d87ae4b579de52f18c5405de2893b1631,309.0545907251559
c2af39da9725d0362e1ddf97105001cc9630d8e822b797cd54038f086d80320a,389.1588541866685
a6ea0c17ea0f86df6243e930a25548c4f6de445aed705c806ea137bd184ee582,1066.6277493999557
b13084c7e4083890dd71cfc7c8fbae9fca0c73ba0dfe6cf35b0526867b673ea7,1240.6967738677897
3014541990591f92e65f373711ab2062c8958a91233e00267640302220b58e64,329.8614835991057
e8581a1aa553e9242bcce10332615970fdc0a4aafb3caf7c98f1e4fdcb7f8265,447.66395291340007
78eaac417283428e319c4f6c611f370670cdd8c9fb6bda232c5e7dcad64ddb69,331.3029966247759
1b787c63ccbe08a169956a326322cf3f43af67fd7e4e34e8011f05bef3466cad,453.6035254302322
0a95adf2aeabfad998d7ab96d996a13012c1196cc794ca51d3bd7765afbc31cf,791.3526308922213
1f5a59bf983c589336a0d1777c5430011453e87dcdc6dd9e839243c16a0f9d52,314.8076205022286
9db8ba7c5a48b39d1b878da47bfbfd2b88e31fb8257dcb7afefee8f409669d14,494.04740357689013
e9a21abe6a5c568c4ef781e543f9c11fada79bec407d8ba329a86147ebefd852,631.2675592779774
528f4b88e50010241ef8b530cc2b12eefb813e714c12972c882c16d90bbc454e,1300.7120266861748
b9d6accbba76a9d0174077f0ec98581098ffb2ec064ab1f2ca70a2ae062de4b4,423.34840884871767
5c9c1bde338470b715128966dd34dc5bdd3094dbea815f5ba8e4cc49581afe69,282.3793315618448
c4121f6a7acc236c9a5630b722bbfaf7d3bb037407a15152e81c1309e75bab2e,387.24808083053443
a21e298cee86cfdd1a8a108df40799c8612b80fce35f980ef7255f72e30517d6,429.1325174797969
0aa6dfd49b62ebe022ce6ecd8902859162f0c08613d275ca4ad4f4109fc1e1a0,1073.839107185417
aaabe51e3fab3180a7bb066a5dc75e0fbed46846c4e76d9094df96be8a26f10a,1798.4703850977667
9e5632dd94287c65c561e525807b12f9b646bdc8d83767580c9261752ef9a50a,937.4285552474876
6e86c5ccc42f87cd40c5c4cb9b68f2def1277d8f1cfcde3556303592f659c683,334.41730603273453
39427844519afbd5e5b38e1757350a30ee5258c2bd04c6532b5cd383dd681f7d,856.9141648978498
0d7143647f15fbfab0d54b63c7c2eb5e0478fe7e54a022dc2aabf84146c507c7,582.8239709911543
e4864a7972f12d63dd82289f376b307345e0ee02f4c167e690b012d006b89cf0,256.71133683191994
03e9f65ff917610844bf2396c9ffa4b386ac8bc0d61d92b5cb21d47fb254ac0f,737.4043870524517
0fb991f855cefdf575e787b6f18df9ffdf6b50b5d82c52efd6a81bff234d2ced,1388.8480485416596
9688f79707783f4e66d64ce1b7ab4cf7be9a041972ce5efdf0f5c965cc1b61d2,1089.0843452688177
bf5c6592f844f5855ac0721e2c36e9c589e1562864a2ab4f90541ecd9a8b825f,872.7754068291514
7e802ecd03616a8b09ac4eddcfb5277dedf3df0a1422d3977fedcf0f61f176e3,249.82526015389655
7ff7ff48478f02cb791a2a7fce97236d0315239d80250fdbeb8df5c805d3db4a,1009.2186016821929
981e53c46651f0ac02382cd7c8e0168b7d9f60fa075164a1b55cde2194d1486e,830.4489005368224
1415bbe75390406cade2970440536bc26c02aa9f588ddda7523d53c5d1eb17a1,963.4942322941628
42053b040bd0a0404ac231380b53335ba4d9c60f0ec12f3b5c237bd9c81d97c5,353.72601385999286
11016d3ba4f1b96074b5eff688ba9b1c5dddbe57dcd130d5fd90bf45351b4750,246.45064546123638
b0f2163475bd8ff9ceafbfff762a3ae7c0739b11037e64f45e8a5d01988b933b,1030.6830000270859
52ad115895b8fdcd16e5805e26172ce50a4c09ebf9179a6d14f9d1181ec238e5,1228.665844319232
ce1dafae352509ee757694d14a61f38e7af536802d4680bd896a351db70495b4,756.6826532914499
ba858865ae72d1dd395a03e5fada6cce0402ecccae2b95bec301ac07c5b81a93,812.8095229219557
00fadfcce77cc654788f8e1e368aaffde4730b709a16caf38d04134516dba3f2,1549.7879136211166
f4ae50fe2bdd87893c62156e2376716504b14a4bf655663dcfc3caff255f365d,1140.5110760744128
a10fcceaaa0dbab2de1d487fed9b3e3dd7fbb328b3709d36b9e97191735f655a,1033.4713337223502
07d0a2a2adf71f91c20579d8470ff9b29dffe6c2730d6f3dde3f3f1beea393aa,1168.5670251985553
f0becd80b6ad73a2c973d0b9026499afc1a96a64e6f3ba5339f19245c25dbada,540.7072693568501
b6f7d91c47385d4d1acb3264b74eadf7287b070f14823d4b68bb7b4e9257f0bf,1005.4110951880114
3d2157e4636decd02664af46f6e94b060f5920ae0d8811dd5a9f813518f7bb89,1123.3298238543775
a99a2bbc06d8e2afce15975af3412233b720b92c706c15403d2ce8bf63069f85,402.139891763376
cd428ec869526b8021cf8a4c91407fb40935ffb25d56c1aae31b1628095486c1,1078.6032164625942
3e48fc832abd4d8ca6ad11aa2b4c1db61a4d14a76740ace422910053be50879f,112.016014964136
a1198669a43cb8a579976a5736e21a25913e79273b33f89f65fb0fb77e5c57a0,1517.293798744256
03834b62fe0f70d9d420013699d5ba82578c31a637aa0f3c5be147baa7e5cb1a,284.3437461656357
ca016bcfa6333d32b2307f94e00d44eea5ffe3efaa03434321d223b9cd5b1f56,637.7179335358372
5c05c88b29782d72ccdd506c20c0ad1f100569043975ec297838fb23cf10df17,554.6407197034941
13fbfdd4b19dc190a6f3edc277219003186a89fb8db48813c826010774414d32,863.5794651856105
f99b411bf63d7916eb12705d1a0e88240cf051f7f275bf9c91678c18d03148f1,2253.6199946540505
bd0a08a2db507a038cf2ea6992bdd7411f9e61a4e44d86f427d9317381b4351c,262.8916909372114
9d521e7e0e833cd5288d3979f4f42e3509c664daed34f10842c00e2edb0acb49,900.4900435224946
55f3ce8f552fd7b915aa708a4e8c9252f53fc99c505909095e93044ef601245b,785.9214588998999
a3ca988bf1b086ce500cbd0149bb1757dc8a3c37769a3392c985092396f6bd8c,435.3046026873221
e6333eb54285b517008d2de4ba2464d1cdf2fca1cb459709bf3496cb4971a44c,763.7273396112518
77baec86fbf067dae50aa83bbd24c840f4ebf22ba7a874e8b33d39094fc8232c,527.7924337378091
0ef0f004a9da648b0eaba459ceb0f745293b0cf2fdcf9c077578c7b89c2fe3cc,1647.7384101258617
01a3c9ebaf5e6f7f63e2ac7fa17445b3d4ebd1ac94c621b785e6090eab1f7912,446.7480063486
a4f242b37619586df6b98167b2ad00e96de382f4200b6dc1c341f8f2482bc7d7,1021.4643587935763
9c167bc5e817b629690e8e9b45e59d0463ed371f80e4a6a6b58fceb06b281c70,1303.19520764085
5499341f29f82e6ecd3036b9cd320ea061a2e60ff113161cbe55d82a4001b047,782.9862940423668
00effd348b9c800790820fce60d86d4d56534be2ca3371f75da7e1d741c8caac,968.210914656523
c61def80222467903a153d993d029fb6813d972d944c78cf96615a39aa19cc85,1077.07651475169
03b65a4c413f592ae09e745cff991143bfac6066a58727b38dc6bed442e68f99,2198.1043282896344
833687165563db729ab225413f914b11e3644d49c45a87abe7d312d1772c52b2,802.1041417064584
eb77816bcb4a6d4344cd635e2ee2dbf89b229f1e0d278038829d280503cc15a1,323.83318923786777
4238d506d4c972ec185db62c658a48dfeeac7bdd28aad184f0e2df1a0d381fdc,551.1683705133343
93b27027f9ddd65bf0db5105fb938e166a30c8a066419c383b4702edb9206e92,734.6308976051142
4e404ba9be5328c862f90726e42fd3ffbc44c249208fbfb2ede2e4b24b9fac46,967.5291276321315
0cb29d540ac56a3add3d9184981fa055a3fecbfbf5d75b1744eb76c9f0e15093,464.4856365533062
233b36f3a71aac7d76c27e40027f5799c2a326585812809fc0dec5c40c64fcc9,458.158526192225
37a0d580e0074fbd131d4f7e27ca818e5aa91ea24e7aeeca1ba04ccade93a11c,760.9250168178643
38b1a6b8e01180e66a765d40d5e24d675bc6947f2d1c8d62f18bde14626a9d3a,1029.3607365127687
72cd5d34d17b211e001aa6d1494df00738f80876ac8d1ab7978c5959080a0613,774.5004199114547
0d63a31759cbbc36f4d91b57396e66ddbceddf7644e69511e4aaeea0b4d0fc51,714.23694269915
69ccec81b45843d3218b1e8f05da7267c477f7d941d2fbf5125c2ea7bcd0bedc,918.2058347429465
dab2f4369341d729dd10adc597f4cba30a3d78fa4d2223bfccdc10f8c1ae244c,715.3372682539059
384cd2376a215bbaa12b6db462f52fcf67f8a3e0b318ac4e49b5fcb5e736184c,253.42661419485
849f99d5e3acd7c2b03dd3c66bdcedcc1f186a015ec238ebe5b6fc57a8137d25,250.91414742480967
65d0343d18ea61df62edb5812c48be8ba0aa171268a931b04435c20556205f12,723.1039883458715
b3a8d2b26038131c19ff80f4e1f3ec505d3f083f9b422da50e8fcf395454f3c1,821.12591756213
3953d5d4d6b27ca25ef8f5057a056ec0bd4a57c222390b2521cbab7685ee5255,231.44243375651251
e3a57ebee8c634a9e893c1c1af7757d0c0cc0099a69bcf8c9f4d162416091561,1091.4129398323373
d2e72e62cbe69e5c002326ceadfc9904267d2d76bbb795d195cca2e319837349,370.36954781312403
f92d482cb2bfbe34e597a98516b03ddd0d96b9db156f7f32c19e7b40144d8331,376.6774477224882
679ce965460cac73627642030ae10b775ce3d568201d311cc2dcb125b26cdc1d,871.5950639343408
8201b8e1354ac75f7d8cf178ddbab3c24c57de0fe5d95d461ef49c12bc3b1d28,1006.7434450412611
07af48236676e056aa1de19a659feaa93edff552024ebcd3a5d1800e10299e9c,577.6291787499124
da0638a34c06f9ec96d4b0306592312dcf746d4bbf951fbb1472d04be92302d4,1095.5832925245613
2ad966947ff6da8815576e0f5a1b564aa0534f1ea8d43986e8a78b369337f301,1803.5806446854224
385d165609507526116736fd36f823c83fdb2d618cd6b6a1c9a66b6127ebd61b,2375.7160756931253
12610e610ae47f7622ae6d3cc137710a98a6c1ee16204030d1cc30fc7af38ec9,357.73927422495797
26faa85ed7a637c1efd629e0d5ac16be9f383d259d26351012844e0cecc2e15c,377.5534245498086
826e40fdf8fe08b79a2edd79fa477b03c4f82dc02abc462741b1a01c1118107c,679.4843075687
e7c00b322ef9921027808a904dacc5ca5bf26f376896b4ed6dbd0e2080fafe80,901.7023681633711
25593a87ee14f49dc960ac95922c903e896881c81d0aa29a797aeb2ba26614a5,339.77301993073644
6604fc613f3b91f70507b4c0c9090336e7ba054b3e0e55538d1eb039b49280a6,148.5025960203125
c11896305b4075c920cf0338cb2634dee9e0a5107ab1a6689c085903d552221d,527.0988080760571
f458e851c8c76911f833d07a9e542283fc2d2390b6b64e36128e38c60997f103,1523.2481308197
551203cd7b82a074392ee260e7272ddbf7a45d938d800907edc034751df9558f,414.73560569331283
a418fe01a743c0d0ccfbdfa6fa11faed9b91a415c33ee6253dfbad985c25369e,443.6179219729594
8c15c8bedf3bc6408d8dc546642d3bebaff480acae098136fc144d6fc5589bc4,346.2649089160406
8da6484bd145615e8a391c91b2ee92d88d1fd01014b8339adc0c4ab05e5f6962,969.1059054190715
86b2641051f7013cccb476c9a533706071f50883437e2fe667722a83f127fa17,730.9095178254751
1c5f5429408b65a869326e86ae853bf73c23c4f56eb24de54502e4d2f9b90228,1103.7055113906597
cfae538c4efac54cd5075da91318080040f78c6564b498177e4f4505b92a4b90,568.208445335125
45068c965879b987f141504c32f15abd24aa254cfcac7bc8afcc972d36728e22,828.0356828700315
ca51d7f415465ac316de679b8f6c3e45b6ab7dc5be2d58959d2fb4492d678364,527.0490905486249
2bf6de7f2dc2e690dc6f6e11926064f0328fcd85ac0f76794c8ab5f4d94b5646,728.3298082802156
c7eb30bf28ae1cf2a62eae0e817c9f8021cffbedbe6eaa811b080d8ccf03941b,374.297253659342
ee134f8e79ca87e232b0a94a1309197c947c2cf0790e2f0e7e1a8591390304f0,737.9282746265894
5c68cc5bc4bee41d2202fe3855ecafb76c10119a0908d84f8f3e244f4067f252,467.96369728629315
11b0cf14edc4e83cfd98d666970d19e48819b863a383e2ed7122d5e81cda3789,1070.8276729602198
8cb0194e58eb20f1a431a38c5d3d90a41f5365dc2afc4bfe90413479afc48cea,580.9656812286943
48b7d53fe421faf632aa3ae8b881dfa8efaf9c00c927c2a27b10d9bd8ebe78b2,908.9295123846601
e43d178600dfc9f0813606bc8547f0b7bd691810409ceb70f3a0cfcf08f111a7,526.6526473198222
93aae3fe03f888d24ab631c26cd50a2a28d7eb1d17b186bc24368bb86403cec3,507.2935567783556
fc9e4d826fe95020d105afe4e7fcf1b0156b3374d8d086a4161d886552f31be3,250.65816535575001
e740723ee7105f858b8d6c3122d99dded00f067e47f26fab9d293b7238ecde83,933.5002806915969
7ca807968c4f5ef4de7b528d2dc2ba243b0678ec90f1ceeb4b17c3f5725deddb,802.6493247956896
beafc7e9514eb2ea7487dc7e247d1fc1f110324ab9f46b9b12830b71e6351a73,1224.230157114372
9b3405baeabe2091b9cd7f1dd572b119732470e8fcad27d52e94b474c1e27b6e,1591.8788239876499
0f6ae8017a0dc9199112d93406564499d59ab0d30723e45c9a73bf3015996f81,485.5550053887201
264a676bcc90561798cecdddb2644431fe8fa0b443084393f47669ade06545dd,562.8138719192813
163659e1a1fdee00de2ae83841429a456c8fa3a745015ab0ec8f6f3de38166ae,821.6467967408399
c37179cce28f68fa3a26728cebfa53cfe51bec119fc0315b77e468433d08bb44,1257.9184331031363
aca74ed15216ef3b51c98ce282595c8f4562deec8884249e9bcb4fc64fe80ee8,1722.41824229924
6fa9a6b3b969da0042567800c8cee0e48b90d47fb63a6182df36404d94797bb6,708.9893803385125
b3265381d2bc61fcae63de316588eed453c90edc5debcd177033d26cad1c8720,270.1231325278572
bf6e87856eda352c6e142cae31f47b3ca39e965067804b9b3989078553f03935,340.2722771032166
7c7e211f3ec16dc82ad8bc2d7a8265aba0774b8eb4212d28387bba5181fa45e1,1208.494363450783
f5c7cf85fbb5236b5f5fafa374f019cf26396ec76fcb3e052e4dc5b7e6bb8d27,1612.1154579979068
73f681918db2f7ea1fc4ae933937ee6e5bdb3c819f320a729c3f60ba921e08bd,362.33458974186254
8faa4fa9be980623262ce5cec6018387e400e65d6b1b9542e22538c620c36041,1103.103841322385
04e3354a9546de0b407d98b16164711110c11a04fc88cafe2308fff48d03f0bb,587.2880464060827
719042aa1a1cc0dd4c8290c22ac280fd6e60f06d3607293282462bef7462a39b,1261.3242180735517
cfb5241e9b1779ef874da6233210cdeb8ba0ddc3decd8ed073f5d894bba0cb2e,960.8894512043333
f1d82035c6b6aed12f831c27fe8ae9e80dac7e12a7cc4cbca6270be1264e275f,660.7942117588927
848241c414c8a7a90485d6cecf5371626fa85718d053ad98ecdf4630a4d9c5ca,121.77756045885
831f7b653bd290374a2f2c796028465498426c514909f3a6de674b7b923566ca,807.1527159105309
ad2818a4dc09fde637ab66e96ffe4e16ed9cca6988987cd12158e565bc63a4d7,719.0418309766894
c1d1e2f87686d430a588628edd241ea05a9bca74b47d87ee339f625afcd00cc4,444.03316168889995
73a02ba91e53aa48cd554aabbd956f03d6ad35b387dad350cc1ada22992c0a37,918.0454738154212
e6a2fdf3b3d48cc3c0d1abdadf3897ee4963a21d468b3149492f37a52351f2ad,996.9188919011788
3cb787cbcdba16360faa7cc52eef6bd6c2bd127abaf968ffae45bd630517833e,593.7769724704269
9ddfd770519bf44e47af544ca08013adbaed777432ab1a37c97f8d6d9b4ef0ca,950.747326512441
8a5e761113511333d7f6fee9149ddcf6b9baa59171fdd12fc5fa7f61a3b25dc5,659.8293061123861
6d7f2bcc31eb02d2d7fb748dbcc8e35e1b93e2daf1c94c9dd8efcd3ef903bea1,751.3476442260728
0155a3c310ed14ab4f201e13d036a8ebfcebaa79a37fff37f66d54e15e2fe2b0,1146.4916927609586
a331c991c3147f814de60b9905db11910eb698ee3273f450e59ef66902c28890,1570.659906152349
fce3efac8cb42613c0910b1c389f68f5cb0a457912a4d6e29ce74fe607279a16,303.7670571151355
4e9a1d0a832c73325719f991a0e09dd04b3a4a168f63d72fd5a16996eb6900b2,396.4379600283584
ad56588312e99da470b06870cceb015296b20c178b989cf98df1cea251aeae7d,1690.9938275718603
8785a1350853fb3c8a005461d98bb5cdef7901b5dc63c59792442287d48457bd,702.2302644907877
4016f424c6957494415cdc2ef5eac7e392dd5e3b6f7ad9fc22b78bc68cc2ae17,912.083041465575
9acd23b8bd770ac9d90d2814a9c982fae8fd892870d3ec22f6f74ed05cf9090a,1034.2216202376676
c93cc3c74763faf79c769f711ab4fb6630f9edaec56079485d7b60cf35ddb911,1150.1739403029346
ee88d56f0529799c24bb56c1c42bb9f0f40dd50e0075e4049fd11c4cdefa533b,1012.1808763806291
eff22fe624b0bd3dfda2374e18f733c419abd719a444752662f0793e5812ea80,1085.5671685945376
85fc8d4c066c3e2cda5dc5e1855e5fb90223c2f48beedf94c5c43966a72c2158,937.8556966269088
bb418fe766ad44b735551a2d39307bb73e852b8767cc2773873ede80fc4df540,484.6025723085857
95fbba1d8f359f5f66d42293650fbab0f5c0a44f3e5713fa901524b1d1661cb5,420.53920967812496
fc5769f3aa3f473bcc128f09326ab3a7a0f5a072979023e22abf1567e648fd6e,866.1868760719
c3afe81ada00fd014a19181efa9c3a32087e73e3458abc69198d11349f8df0d8,1473.9318021701429
c3761619a69ce958bce76374c02719e9e52ece352f55a632ebb365030d183ee7,559.5235529869782
a3952d675d241c6778863162efe452a1e79b44605847724945f10ec89905d2aa,322.3436595766909
078c9d5a6e4690dbec2049849f415a5a21ac38d270b8f2b88ed137b11557c97f,498.7774477618555
9bdc98ed9104def789576ae4491f80a4ff1b97bc954763ea09c054c8bde56625,1484.9462129613376
4f62063a4b85bfe18dffa57a3ab847563ff40e5a073ecac4b725482d085f9c2a,929.1411243977599
010bf39d0fec3b897b33a420334066ad6aaabb3730d8d6c0b0d1be3dd1d693e6,272.44443084335626
978c30ccdaf1f6d831c7ab7d7d796df989c10efd30b58c0919adde6823afec4d,1178.7665718823098
ca0cd6bc67b7beb9356ce07d8e4620027384dd04c1551b9c088d82394a8dcd8e,533.586385549095
16f1324f2754e8dcba1e781a7f63ad900de9fe1c3271a8cfc2a64f2da4c971b4,242.9192910607147
b0b39466d2eef5cf41bcd9ceb80c8e5f50b90b6cd0eccec18009787a53288515,202.82203286549998
880706ae4ef47d2be74ce08b84f9eb226bda83e8e0675bcfbe0b98ddf166f3dd,669.6744344295
39b2e7a9c1be26d9e6c2618413233c2d316b5e97e3792034525fe176d9268916,1676.5185038615218
f82e2e3a17c4020872483ad87013e73cd1f2cccc3b3fbdd02292a242155c2b75,514.8500122795799
e7a6c2f2828f9b99f43d6249b8a8ccfa7bf8deec4c0afcb442eb2389c1ec641d,392.76402580867835
094462827740f5830ac5a588fd58b3af8004f812ff7f5cb840ceaf732a20e93c,442.7671368620482
95e49bf0886f47832968a694d3bc77b6cf779bb0ea177b18529c26d4289514e2,1541.749731839893
7c8c3b05ec6995103a0e9486d83e7ed0a08a16d0a4c13573594d939e25e515a5,1187.1105848531502
798f06f47a2e75200317fd4c558cd349aa070881d4875cd7babb1df05d85e172,717.1855764552461
ff83be5d66f13aa71b8e1c8ea3a4404e3e4c16cecb33f0871521795f3969a6a4,2233.520737898411
cd60611c97044049a844153322c5ec8ce7d221afe7cea06e12934338e226147e,888.99031446891
efb32a7b02f07f563659fcfaaf284ae5afc68beab5d72289456245ea9c9989c1,576.397710744975
e314d579c48e137f5432ebd4a42990c2b73cb0fe31c3b4e2f968f5a87d3c5255,922.1683236424713
6429b2e3342d0edf6cba567da32b259d196c614214c8e9adfa59f1627e1eee29,647.5190813056696
aad912745070a485a636475c3e606ea828899229c0bdcb67832bd553a3ec1589,361.7721474661371
209184f0cb9a017fa4be450d3255192f38089692590ace85430bdc16aeae914b,202.80546158942605
cf442bb0a6956b2d7ac74934c8d5a8350200cbdfbb020a790e01b919c8cb8ec1,1079.9736875262104
a7833b9b7c75fd6e382352fbb17d466271eef198c08743733cdb97d05db51280,313.51624938651
537ab550ed15f1fd4677d0df26eb88dbe3172fba6a25e6cac3e65570b257a9b9,759.9128512029
7ee0383275d95c1378481dabb6d555416469b9c3c064b4447e71a5e0f88d193a,1506.2976490255714
de0051a53c62173d77f301f38c9694143cf39b4b9b2cde818f08f55619491cc0,203.6543337089419
59260a8d568e66f5bd090a8c126598557623544eeb69cbcda167f076913f8210,1551.645537911779
4aa95df5aaa99be39a040ee678d2a506901cbe5064b6ef20a4cc92d87bcb1a18,1023.6990567085854
1443957708a87a3ad48f17a52cb43d0eaddb6e26cbc6b5091b7db86babdc6fea,578.19025332108
bc2183a9c543151276f9b07d05cceef9c08a07eca56543a6b442abbd17106f6d,760.6673153454873
60218f49033484101bab41b82dd5de8aed1e3d921c449c4b36b4cebd7d5415e1,678.254772567711
42e4edc2d07c12177cb332d22dd5fb12527db85923f6d99663386aea8802f8fd,980.3426970247922
def521e22dea56e429e7e9c89f289bc198f3119f1e63741f0d110ec600fbcb87,1538.2476209412373
067aff90c4f0d8c1ebe062cf14265775da1970602a8da7ee104ee40f3271c979,1299.1142710014124
094b4c020727e1863805815a3dbde2931a2c777c0ee0fab3833255023edc9cf2,812.0840270725412
d772061b5f4d9fd4627f6208ede24b5aba6c6181a6eea6d05557a61846ed5992,1087.36145350134
d2c084f5cb16bacadc842e96eb4bab4a8a2b566ccf6cf74cd1fe24794d26048e,473.84805522393214
8059a5d3edd6f9f0012b8b58d9551213e8c4d943de8508211856631d0703e989,715.5468963413516
7a474f368a01346a86ada6c87ef748fdd846ac0e1ba28433ede3fc34774ddf12,779.8452365721602
7bcb9ba2e9cc08d9e17f06a11de5585da6b02b1be765189ee4e0d747d454b654,105.49301421687932
7f1bd44b0c9d3608ea4306a4ad1c7be10165a7d6020a918b95f6ebd3719e476f,863.6440666705964
90958bfa4ce54ffdab1f82fb0f0383023d3bd5c9e14e264d1eaa1016cda763f8,420.7538752056751
17b7cf7fef7408e3f530137fb0385c17e70d0929a5ca05f0c52dbd7a41f1230f,408.0636356198896
72f35c66cf3db53d0c182725e5dbd8038d764005266cdf0127f8b2843a67b48a,526.62619807128
94c3fc5b1b4eec8f1ec2a8aa08227904f7a87a179671886d481c3ed3c23f91a0,1044.0856455357002
d9ef74c9493f8c6f1d6a8b1cc28fb5185f4a8a0021824ec57315d753c89826b6,830.3449821985944
6bddaf92a4c3c29b5dec84593cf1be1ff38d99802629850ab8b0e9ed820a48e1,608.0099232090809
71649ccf0dccc9c6af58f1584d4d6605ce1b3bf50b90e18888623ccd733aae60,1982.4084131589618
8257c2e8c1d10b226f0bc2fb5a38a69857fdbe1127c4ec98a329606bafe4d1b2,252.6301395473045
9c56cd50873ab78b8a620118b4834713ec246519cec1c4aa229f3d7c16abcbf5,231.9379900055
511a4e775c6b5949cf6d90d14d7b9b5d9235cfe6a760655ba5c7257ada643d24,495.82672606730773
5ddd9db6203d8eafdd44c7ce4427e6f640a405b5def871fc493b10f506e09c94,305.82221104408507
d009e1ea325779ee941828cf7af1b202904d007ac0f4c8b458938b39fe5e428d,761.2849541684893
79ee5522090bbfecbbe898ab277a51d78f3c765189f62f8de646bee04e1bd81b,846.9821591404447
eec6cdb5beecb0f59d57416877616addcb4dcaceac31875e0ef7eb8da6e5bf29,1563.4834010997606
bacb49bbc5593f68a8539caf93da867653e78d67665edd898fcf1d3c7854977c,552.0171963302143
2f03c3f1bb679e47a0d5c9bc4d0b113ff72f9d499b80034c7c8c0527ef4c4ac1,458.7338514047572
35d9c739ee68959dad63300b5ecabe68119d5ef088bd2962c148699d0aed22e6,692.0281678347601
d124eefcf7f98c9988ffbd97ae996361c9164d5a5ff8e197f495ecc6f9abc6b0,1483.9110211861741
4415eb6a92f18971c2c9307c973e859a14fc974be762adfedb069c02aab0fe33,970.0423928022682
796992788aef46faaaca1f084c48a2e69a5779bfc24fee348b1aee78e3826f78,574.8321416667657
7fa1c5577e925e7881c19a68a64935f96451bae9b8e02d24d4c212036ffa7dc0,765.42352027221
b3f6e6c3b94e58e73a5fc3f1d1352128abe1d5e4b27d083e7a402d7c41342a48,1332.014803043712
5d0ce59bfcb25fb5a374371fefe131ddd1d61a73080acbd64d662f1c57d068e4,729.2252197230001
fe631684ef8372505b2022b338d8c7e13a1f67654a1c60895ddb999d61d8dade,650.5904711608223
f520470d1a91fb2961982e9726cae2ba9a4c8c7bf155cfd47729a8924f700fe6,345.674442690587
c7fa41d455b28fbead736862319d036c56199f66eecb84b8ef8a1e3cd9e3630d,304.88458913824996
246dee3b731ff07430b2b5d3ae1cbdc07511821a9ace6116e0cc3d41d7e051b2,1194.3411898668414
33f0930879e6a7cc323cb6a0a9fdea8e8ff5b416e7b17e9fc3a62c2b03df9f9e,1686.3679041183
3fe9dc84bb525bde52eac794822258765f3143f6f13291942aa3e03eca7e2fb4,770.2510214820626
634c8637f1700a72ecc5f9d5d64ee90dc869fc4109e647e31ca98b6721b8fd64,925.7317279340914
73e5e1182638766b219cd89c1eaf2eab5abd397e8e8309fbc3b04e46924a338a,351.90407261476946
fdf1a53e3f9c0fb440993c2fdd4c46ad97460ea8ea0f57b2277d1091a46b381a,377.4625907415876
1695aedf9f154904bf89918a5ecce152570159d1f7a1d68ce74a40bdf81bb5f5,1469.1202456805881
4b69a39ba17fdf2a87ea805675cad2f731439534a94fd5f1ce89d011b866b228,775.0546395097286
c091532ff8749161e66b96af00307bfe33b8a8be68710b5f03d9ad8259f28345,615.66505788135
f49148be211602ce5a385e257aba4312965e24169ba027f2c70a3191bac71e13,765.5974621120273
95e77ab30a6d52f850337df0953ecd5e2d6008913200cb0a3fe01e325af76513,464.5645639047913
63a987c4bed70f55f8b97f943f600313f03caefb28463115afec3ddb89380694,831.5757170499216
6005372f897f4b731b210b3567727971d5515f286b36fa26c41d1ad1d80fcb58,1161.43392218958
9d2f8efca948386e5dfcfc2ac0ae730a09d8ddf8c0429efea4494af79d363fc1,212.80402075718186
ade82dd01ce98dcdc0f82394e81164447c269d5e112a0ce33a424320d99d4b4c,893.4196113887502
8d9a90d4c1ad8077cedc287c52b9c0d74b81ab147973645b9bc5c9445cf52d1b,901.0331778334064
ce87650f772cf39fef51fa46ff587b659e171c6615f82b3a4c5e4000b797446d,682.644266189028
4b22fd68e86306a6cc83e2a9631302947741bc39c0e0b1038de97b276db9f0d6,1367.31259097189
ea942de83d5d187958afba2eaf313ae71caaa40e23a5d7a4d94a63f27c23546f,690.3229306622646
ba513c429ce06a2c36b4a8e1ee9090f420e5cb28b7af9c8c9c3e508bbd8ac235,1109.5769695815654
4dc6f4963b5dc009ef49ae84766ebcf338072b1bfbe45b72e2b64481152bedbf,618.6574840993028
7f281bd31f18a43f6ed46e68c014093287dd9ce4ff9f642c1d496c6480dcb49f,787.3411489573315
247562b8b893019bbe88db6439c4206d1b93997099fd923ee8debc9199f5818a,216.71716041891668
d0af9fd10fe51490abbb0fec9b88543e409bbc7ed6562f98f6961e1e09d3726d,1428.9966911206682
ba994c552132cd55985747d52a4634226335889974ffdf17edc3aaff96161143,425.2406627468858
19e4c3b760cdbd3377332ac723506650a27740c1e1d526884fb4d651bcf38dd4,474.60542394546
02efd921c555cd758442b25e27b1032d53f2120f6430bbc173c172772e8052ec,1183.7685679216406
4cb2f69901929408f096e2e53d7e31741ef5d25dace4b93d0a76d9cc3310c646,1992.7548377869605
03583ac75879562c1d472f002409d32011204369c80a31cb38721379f5b7616e,395.29840463086873
22807f7d0bc87f25fc738c271078f5ecdfd621dffbf9365437f5dba7b8cfc3bc,611.9318768641153
f64998b43ec5c43b70629fbba61bbc672d718a472cfdd7a1a9a66532b9a0b895,393.3534555869915
19a38e4845981ee37d6273b064ac462e97ad605ca29dc090a419d3d89cb1d0cd,748.59974616778
588f15001934b833b0c64ec758c81427c6bc835d5c64f16dd823080e6b4db73e,944.820582116073
a16f7d22588bc8c68b0a1d68440552f33ae7f45b0402d9d8048eccadfbbfb6a4,670.0983503608578
6f9d0dd363474d72e0ac17bd49f8518101a65588da0dece8593e759fb4e85e0c,710.7426106153355
2a89b24b5c7375775f2f63e9ce3fd6cdb259f329bd12dbe15f7b8782f7df0f1b,283.97040588435
39db9d75f928946424829d87227a236d17d7d46d9e5f31b8ac52fa3c649ed9a3,402.97183168921674
c751db0d5f7f6752da5810b4a4cacd7735d375cf8170cf5fe7e6c4b4f380ce0b,355.2354088745657
7ce5cdcd9ba525c847b0fa962fd768d5815821d0d726e412441b1746f63887d5,832.406521925886
39f40a6b3056e1a78c4b68d56a4a9b4ab7959990b48a93e79659152b20ae7954,877.290653115631
a56dff8a06e12f933f6426b141b51559dcfc31a0aedee1a4c23fbf578c9dfc52,676.9407778396901
6256d8f1b826f228281cad723feecfe70608f15dee9dd4c5e0f55e2a40601090,747.5580442703547
381ff25d26de95f397e925f2d83e23989a14e9717f3dd35c4c7533b320d534dc,1160.8757310753642
df48bd9dde10484d6570ce5c1894ccb198b3c781134c048203a9a8fba7cd4fc7,353.00287046625
669f828099b9aee903052d8061eca33c837525c26b2371913beb832031910708,784.2363328854194
ed27a2dd82b8545a76045b6e0622b0b416e770690eca26f80e4a07dd3571a59e,462.58334120944
3dfab957392dcbde70910d790775fcd8a3c13f389c46c56e381ff73ac2933b4b,547.6052141722001
5f2b0b6d6f9a9b12545dd9cfe7555551b10347a66adf2bcb457070af50c01b22,1483.3929267958238
60110a4cb7917e193e49251e1b8d9dca628e485ca9293cfd60910f45e15d07aa,1115.8264551362
2e6b25d60b48e4758bfe69e19de7a19bc5e84a304e161f3b91a7a6c06b801f4d,539.8705309378114
f9e1c6b71011b689ea03e073aad74c2bccb3af9e719d5fb3aec49f7f7478436e,823.37116310657
8dce730bfb5a340d86a22fa2c87ce166a863b061c3544d8b3ed687c8af4decd9,981.4856001275797
4c4bdf381e859455de0f5a571cfafe11e40ed1d1ef0b24d3702f18790a6f322f,789.4068761762915
d0d8417283a55ee4f9a7dfd9f343fdc2977827484f3ebe74335c01573e97da59,524.8991464125693
258706bf837dd2283873413d5a81404603f13906d3f9c95bd34c807cd91e346f,720.5541636103715
b33b990bb0737188ec24c317dfe10bf30ddefcc45bd2460fa043b91cb41930d2,837.515387451759
b774dcafb1f575604c0b38ce153a0f12a06e4ea74a7274154f3a8f56aab2f89b,443.3051797410096
5704a19f9a9b52e52c01d89c2740e6322a0b5ee8126368c769b582c8597bc0fe,571.8113097614655
f836a70dc512e399e005883aeeb72458c590c00ea5d978786da56d8a3015d6f1,866.8942143248538
3789a9ef0e0f2d45221d1aa96a7a48863148e61ac760f45ac5ffc621c5a06f1a,386.8568631566379
6876f7ebb5de6b6c66f9c2ab0c03e143c4d9619baf02b5c6cc76fa3dbf926b54,767.5365681597889
416759433b1e45b6d0656f9a9d69946af36b68f4b3b4e3c6508edef04a55000c,1096.38778376
052e0bde4d41bdc2d9eb2685694deb4af74240908e1c018ff0ff775129197b59,1080.9751843734753
92ba41776f81ef5735ac1f676ae466045b789c03c326bacaa250191ee966b7c7,601.44422704952
22e882d1b243c6d54b6b05e1f4c148b5f94f4fa3df89fda7663dde127dec1b36,794.3987881663038
b09f445c03914bb837f334c483f55f82a7cfc48b81757dc51d3cb1f1038edbda,633.729596677395
5372961c9ac849f984126b61615e55b4a28767929d64e2f3d704ff335ce57a33,387.2060618405751
2f0bd43a9a664c87f5b38208807777284513ae493a46dc86a54fbc8f100f4610,143.41107640055452
f50126aecc64ee523b71597180f47ad5278b1f1b0718b3fa9e6d38b6a26ad99b,500.11562116548
ede5f1dbdde3a664189ef10c06961dfafb71b58645fb147175fa6db871338f29,388.26674172071796
e21b8628ff214d0a51b0f97d7b0be390b41d2bf980979f7356b2ae9431bd2267,419.52592797764487
cfbb9fe0b88ef61297f2b89e49f96ed2151d94efe91ebdfc00a722a50ac14a72,1007.2350896809834
792129a144be7966cd2f269b7f7f6c4a350144723a357409d83b616e5c6b77e6,720.9078264037001
63cff998543e2bacf45d7739210e12f71bb1e7bf7d2527b5224f73b010d202c8,549.416045971575
9374a789f96ee606eedb88bfe12d30fed46b1bc50ad57bb1479e48d4049f4b08,186.71062018297147
f40766a67143259e1d45a448c9fcf077b4f3985c81d96826b2f4efa711f47baf,796.0700602893231
a33205547bc8b7d658ac05a71600a53a1277d10cad220bc24a7eea82a2972779,958.9169425763998
a51a4384c33f839addbd244ca256e8d3a7061785d9605263ba2079f346327c4c,223.96354608766075
63ffa2acd3abcfca7b8fcee618f72a226ca76ef5cb8b63c560d515fc1c927eda,642.5232187678166
054f828713cdbb9f5f3ad9f5aa1eef44154b406bb7d0c481e50ac28c582d8f5c,623.8704456394029
4f4999a8c4ca72c1efc7a82f813a7ba86b40bbb870a823f1565011347a043a02,483.4737260212847
b8fa146ec66942490169b3a5b5f217629e2d94fb02ea5344fa33e888926462b9,1031.75283892415
17c4a0b056435be59f4ef300cfaa05793e6605135063b82e6f4515e3c6d7de58,764.8165731834
4e077225f6fe076e50145701eecd6c1946b5519abd89146cdef35c43c938cb39,766.0453670092934
f0bc6d826aac2916332f2dfea43486b98cb9320293d2dd9a4e676aa6b998cb99,488.1091239281438
1b762829bb2ad9d2b568b6efce476087653d8b792460fd839b0056fe5658212c,1425.5549293375968
85d2ed58ce610f4e4b426c9ac6e1fc9466e991e4e71e9de17522eb7b55d04b3e,407.60829698441825
e75f1370798debf07267f966ae24498bf9f4f75a4a64ba8700eef840a59423db,1425.0700272938418
617324c43a1e85b6694ae738269546dc38004156067fe638880ac6ccfad08610,670.4834848877379
9febd77aa402934ea12e1c525446d0c9fa34e9c9bd23750545c5a364d7c07d2a,583.8766719562601
43e427c762f19792f6af240c5e7f1d089278f4051fa7f8946f954c7fb36c4d8e,632.8363892505706
79ede9d47eb89f707c66961935c1869b21b6044e247ac0d39b3c2438ae019ac6,1137.5004640566
6d9bc85b2dbc51b4e8c1aa15911d25a3ccee49ef338dcdfe56490a3fb72ebc09,1821.1650245721
f48a396b6c8448b57b10823fe707ae9d599c18e9b66a6521e76ce7905ceab655,883.4696679489001
b53befb162198c8117561596e4e7ba052ab45d1f602e4d96da9edefe5552225a,526.5668015151685
aaddc864cd59df5e8ffe5b9de361e2b7e53fce2c6603b47c3d50470d027ba6e5,882.25412221482
acb74663a087e8703e9fbe7a219fda1a5f664d4c3bf35193467acdd0e65c32a4,1259.0325175358437
917733511157b6cc3307abfbe37768df2dbe480af16a24b05fd66cdd8d0216c7,843.4934702716886
65456e0c0a1f336639e30bf750d193c65b0d1ecb0962738c68da377e4752049c,208.146501264375
3fb3eba2b11cfcf1f5ad219c24960de524dc3f35ff45259de2496635320b0f11,1174.6948462036837
6973814787b23890cbe1589505c88cb1df2702e6b06096fb4441bb80b3d66442,502.88259167622
cbdb91df3eccdaa3f5eccbde7e5da96ada1a48122645d362abf33d7ce3f01f89,1282.68967640256
0612993e144ad7a9cc0260321e703b98366bd9a24c4cd92478f7bc61287b8ddc,578.2572693346234
2d602399168161197b79243d0966d074fa06ac6616c8a13f521b1961440b8782,619.12974810288
2d6b61dbb3dead1a08b345f3135c6fd142170d30e50ed20b208a7f1d8cefad83,1085.1761532962998
9bded0a9ffa2d5dc0e73d7d61deaaae5d6bf4e7ae2581ae5e58664a334e5c594,746.2331555103195
c5a9e87e054a85a6884ce05dcb0a08a66bb2d3c124e85aecb350b911dd76fa06,280.2120495287527
731585789c3849c4509b19e221b256dc5b50ab2bfc949347cf9e01bca86b5d77,538.5942059707454
4d1de1cfd38654cce8fb71fe6b7064b960b4546161d5540fc3cf692ad7072ae2,1046.984638766222
a5c93313f62d27b2f9ef3dde777e0606de59f7aa6efe6aa0c9fdd9deb309da06,773.7918471655335
62cf6a9cf930ef4e8e1404f8b100a80edd7ad0621b667b86ac8e23e694e02b90,1160.0458986735584
9070398d979bb814a5a80ba3a52d8b079c24c6162db4c5c0469601301195dde1,764.2615013737826
6eee09a0c8ffac1ce747ed0ced2a2184f8858af6981683bfd39fa7a172ea3864,754.6605781331399
5de31076e974bfb3e5cccebc7f0552ab6f412e0aea84c48a4ca7dd9e691cf6b8,1080.0965735944771
a36d66cf3a7c5fe5dabadead074bb54fe2edd7b71579b353e52f4e93c82c2b7c,689.82355188285
33fc67a82c2e544b5bc59e862eb5159cb08d603179d586ed3562eed002c43da9,808.0895230297999
c7e80384714fde7dd1271b96a4b04ae6abefd07d2a3d4483d21fea51a636f52c,475.5922428699601
6ce2fae5ba56ce4518f37c4283b05d8be82ef076241089aded0b964d35d29849,1142.3395534967324
a2fe59d180c8ee3e8d9d492d63e9557a7e5443da7ae695edc0facd056fa9ea97,664.1104007673455
ea024fb4fd501c834ff48f8cad7c6ac7283dcffc77dbb4eec480bacf66187fdc,1045.1459961231635
471190bc082235ad82da5cf3477a05473172e83c0f3e4fa25c8eb6c013880ff2,570.1148545481141
30b008a6dff4e222a6c18947f33b4b4a093f20c54d434141ce91ffa16eb3cae1,743.0888047647704
7a1fa271335b65789267b5254661ca277d7482195d610a0aba26d99eb9ed5edd,856.2279550534138
5112c852c96b46b198d0944765611a3a626426a14f2cb36da33cd5371bcfa472,269.90798081684125
60ee7d79868f4e0ec8df134c4faf6a5ce19386bf1f37bc604f9122a3dda116f8,520.5746595447137
a24d250638082d88fd169362db3f8e486ecf7b146b3afb7a3eb6b9c16753260a,856.7292778985794
d570b07bc2fc3501e101a575d756048886726c59a823d696e8f43254128edcef,1196.0470659397797
db41a9827ed2a9fea326831450a659d6fd91481a02e2a166c4676af138d1a4be,609.568138307284
9b204ebc954b16ef27ef220963b90a3ab62ad5d40d7449337c5205704c148349,557.8121813893249
aba1cff4c0b760e5ccbb1b24c4e2e95fc6d92bd60aabce275a6c2874f3f007e1,495.70301938069616
025ef6dfd93d6809a234dddf016ddc5e05f60af002b3e4d9c150bdb4e7e0f574,637.4535641038716
e24caa73b770f0529ebad401f361ecbe237d92be386e089631a1867bb15169a3,474.46200234785175
22351fc3cf5d36a880509b96349c245526a128a13e61b90fa27c2e5010e35ce8,645.2830387184883
3f75971a5eb4e9f0bd2b91cf0273ce5fee2ebeef063a637c2df33de3de93b157,359.2326381356778
abada8a520715a0b97c8c44eb49e7f8d33a955159d121875872663f8a59ddc26,267.30812844744787
8a7b2471b33a0074198b2a0db07764cfab06bb36236f72c9239c5047d4d7b0cb,554.9994323795911
9811f3bb89f070afe6da63105295e1079f001fce3207f38682606c3f3346200c,1029.428389608068
1684a92ac7376ca04d1fdcc3c9b41991fa7c8539454cc3d001859bafb578127f,536.1886829446888
61489b40f10650e287f0361cf0ca3bbc51ad6ac94b9e708d6b18b446559cfc1a,239.49141851820005
79d1889184ac306425462565d7d57bd18112ede2dbb03019660e9269671acf2b,707.2542937327651
34e4e9efb84b37b6ba942e1afcb4e5fb29d0f5476e041483fa9a2a36f044f2fa,558.5543467103907
efa3cb5251b1f8f73feb9f75f9f56bcd8101efab8100f9afbd0d99ab45d0335c,748.1302834119773
b74768da45c69a3da30447b3550fc4185c6d931bc060aa13e55060b30a6b4ade,1114.3199742273841
fadda158fe9322df466ccedf3d5c73f871ac0ebbd63a085c02af64ed721f2a29,934.3784971670999
8de7194e3f2c9d0f298666736906a3ad2fb1fb79889ef680d4ba16b288b5fab9,1120.2057122332042
f898b2b3cf87c0102934dd4ae44902f527f6d51af5acdee4322516505d684e42,376.85115488257503
ac9e834ac23b5ef1464e265348710e23ea50154f99b24e1eaff9dae152cc44e5,1095.8021459296601
f4974d5e4fa2f18ae7df8a7bd9cb79c1fccc037f5803fabd28dcfcd057491bee,586.8267154695801
e284b8a61d235fdbb4b5c32f905a70d9ed6ff862fd41355f2d5fe94112121f26,566.19501418803
d8ae88e4cc08b8a59c686a3bf6b123ce3cd0b8b1810bb1e84324eb3feb5bda70,1010.8779745465501
f4af92d02f8b08c0ef051ab2a5fda0ba04ede6931050f88b717a282e61e5a285,716.8405946640208
71b527c0dd6cc835b97bc63b8bbbfefdce0575dfdbb1539febf6d61dd1558a8a,389.612323411695
71784b4c3eb4684da8793e739a1eb2746c9336d087d8d72c9987ac2b79dfed70,272.91718877569195
3a178d7c40c26b65d0fcd0f56218dd2ac0b99542c883d0af1438878843c0d681,1137.7365535667832
bde9574e889df206270365739595711e71589cdce257a3f9d5a93f76f7acf292,845.0527895073699
93bcbc65ac2d32a78e68c97993301dd3c00cba334428df9178a289841fa061ce,438.78883983128566
b91389655f2c38596035fffc4453b3ef911775890e43caa9966dfaab32a022c2,463.99628397561435
5a0a582fe959915f40f86187bc1784b6c7de374c439d635c7a7e4bf769418507,1413.2010487206603
18e6314d375f73889e4138da81ae290222eec603a8d8ce075737eb5d9c53a118,3377.289309922428
18c4766598fb5003268923257064233f07d2c16cf6f242a5c7da7e89268a60ab,857.20139555045
e39de3f11613c2af073825b48346bf83991b09b8c0fe07c32e3c973c8158b6ec,1118.3551516452449
838eaece366993f5a4f96f0aa15c98477cb208481f22c3fca171dfc872aeac2b,496.6223702655599
7a0a0b533ade99bb9f23cf6f46c4c7846101cc27db9204c997ca1717bb799ef8,1154.6279930618161
d398073ffa644f002cacead370e1b6275d6a6587f8842cb24746300f06dcd81f,1356.0702486818739
9e4c3e2e4f390744187d5dcd788ace890c7fbaf2c6b0892df3c906bb3567326f,1002.6258904401088
ac9deb04040163b69a7e3ee39cca93e8b7775eb57c00f161e1ff08a65c72a2d2,716.0108891584545
55dd2fa38753267a9f6fd0db88068d62a6fc7ac073941c7f4fa72b2962705362,1765.026354011606
cc7d9f23013151dea24f1ab94fe0b18033bf8aec638553357f7763cd987ff451,830.7503605074655
230893cafd3f0d3ea6fdf0ec29b349c502f22d2e5a67156bdcbf182ae16367f6,1072.1548130886995
167d4bd834b984ccdfed16eb25cf53f67f03c50c72f795efcf433133c2509bdc,460.4899034543059
cad5e3a2e1861154acb3b132260ce71b576e388e492b6e29af667f29ca9f19ef,602.1825902043579
1ae3ae59923d21ebb3308e331c798c571f67bac1537d51d27cf8eceab2f3611d,286.8248202529179
0020be9442d37d94e56550356ea4da6dbaf9d480932ca29279b6461e2f76ddbc,154.48237421508264
c9c4c1dbb4c2aac87b595224d8cdf7aba7189465fdf4254fc46f34ae4fee8634,938.4752332703823
2e1eabd57f4539785c8b43f9572143aa114a8b7384d045896a9b87ce6989ac80,1218.903878964206
51b3d64a3ee5d09197ac04a0c859d8d38af77d8545999aa6500a489607bd2e9e,1966.7472372306572
693f83d11788fc893a0497e9a0bec1f98676736fd3ab2d2aad5c1fef52be53cf,462.3410200352999
7943bcb8da22eb9df862bf4af862bc2c7f1dd936d76bc9e762b020ed49ed60cc,501.3676199330319
c721ec6455a536efcc687c0321f151e00531513bd614e377b21967faeb831f0a,681.4300497428069
a41218f68aae758d37269898e94144b915cb1eae14d7e0abf4388419b7a8b88b,1082.4991140690336
f45ea9268b3e10ef8ae5706a923ff0c686e9b3bc85818956ea414346568d0dc6,1026.9563037365842
78840e2b4d31262beb21e515e666acd682519b763c894020214cba9b89ffba77,531.4733884161751
9a7527029836baf7cab74043f0dd3f3b9be9a88a48af64ee5612a9f613fbf50e,983.2687385953844
19e0255ca736c760192f356bf7c05ff1e26499cb9267adab8290733c977c08af,265.57194083447496
fcf935d5aae8ca354ac57959d66a753b2dd8b67aca2f07777dad0ced7a7ac992,924.075457574338
0fbfc8d594d6a0ee948f35fd4bda46bf65984713fef73c2cb154d6351b31c1c4,842.5852027304253
258bee7ccaac03c2028aea887115bc5d99fc5715622f5db2d4c1b143ae421dc1,360.7009647399333
b5c12bbd70453612aa3320fd83dacc955b86120d2ab86837b8edc1bc7cd4792f,1164.298924817055
db4eeaa73410909b2c31930cc629add2db4f417263609b42649358cb63fee813,600.6421072943851
65cb8f6229d4f01bd8faedb037daaec35c786adaa20a231fe7b07aeb3c35dc1b,1076.034036242804
95649b3fa321a35f44ac421a490e68faa1c2eb78ac069740499db3134530703d,1176.3221212402173
9ea69b00940f8ecea90be4c862e6599e21f9a60d4df92d7ec5c01d49e618533b,813.2347370123063
5bc69f4b4e41c3470cc851e4930ad383eb9dab22bedee9712d7eda665b0c3248,485.78353295938916
13ea55c22ed23a85768852778c45fc65991c4b91df5286cab6acd919c1dcbd6e,663.1061713570589
db091e0eb1a6e007b689975cdd703bc5d6d84ead0d44c3d600953825ff2829de,805.9641136186393
fda593bbe85cc0437b303d228285bce82329a664829ab3f3f2826dfded3bd684,692.7747993114388
1e30c72312188894c147cfc124e6590842b55a8ddeef46d8382ce5a001229dd4,355.31622590336667
a5b28c5a46cb53a0f0384b8588c3686cd06ecbf219203023b3265c26240e0bc5,1237.0518838388998
473d2879a8ec103248030fa463455e8f70dec2fa2dada43e7b62a9af2dcabb99,628.8627696289941
104b3c28ee22ed051ced8f815b14d96a17939343a623125f3ffb146734fd5c7d,708.5467960647965
27ea13701dc4e0ad98fa566fbed804b8ab994405e7a42478f96a5a97752fc467,259.4631460063345
376f52a1c00653566d6799b54b91438cc54ccc506bd38d1d7bacd7bbaddd234a,1047.6734154174376
88a1951c7ec79695c440240a60f552b2a51a93f2b54472343ad2bed54e80a991,201.93001652212942
e28a908f91496af3a58a587d905d8b70fa3604f6f5550be88143f8b5ab1c879f,770.7479318316334
99a0158a75d20ee42029dcc88986b32d86ef20311f14f777b1e3695c19180c1d,233.82204544741998
a7e682f0adb2922128a0d31c0706bb35f4a2c8902df4d59daa179d0bd229ac20,645.1464216113293
a3aeb3d1ceb6c0b0c8c86f8e1fe4788a98b9adf62afdf4f162341a995d73f165,908.2094835695251
6e6766ec99002b1af5f0b0b3d716ec5b09c10eb34e2e4d2e5906eb0529ae9370,1548.4983134942142
22733f8c990eb732d22446c3a7294081e7286e9edf1ee663bf04f3bee88f2e65,1318.8342246981224
2cef25a2b1df111f408d15cb83741dddb030ba93226e9825a534814a352e42dc,333.43511550426564
ee689bc090042b0c6c928e8e166a84718c29f37e6c4de8a31f12f89b0e54101f,735.3862527402331
eed40834f66d62fae82bd950c90eec745f23dd8ce54d77af6a3af97525ac6834,326.41802152344997
3fd3e34cd16fc01611dd5fba3a5e6ec179f6cfe7bb4510c4da3abe76855dfb9a,1328.93886463589
fc0b7869a9b525a55e8140f5835b2baae5ee073b4a6a90f7d152bcdf313a3cf4,711.458807368413
263b127ccdcbeb79147285ef693449fc26d7926bfe4b0ee76c9135603c6d1fd2,765.9753219535601
34bff80d5b9ec06ac29b2912d29126c19aaca1e746f4313acd86118afac35a54,638.7445151185
aa548b9a4dadce6316c1fea139ddba8d33d9a6cf2112127397d7e511bafdd4a7,719.2654693698312
172d8ce3e90a0d08ab2a8224e30753c7711965a57cf5abe8a8e848c0c84418ae,2120.2852846698997
99221b7473de1b704b330accb06da6047f1684fb832ba452cff62974ef811347,3345.639779011441
72af27fe20bc60435ef1d15d6a74ca9656865883716753fe36c8f3b2bb3bf53a,1218.2144085335397
541749bea21e1e2816d22c350f398d2a18a453f14f9ec69759ff77569dc5dd34,517.7914261215528
ed7d58b332bc232ce26f154b75825d1a7c8f8ab5e2835c6c936a93cc503b72e7,649.883412370355
2cb2dd41d84730012358a024df04f01a69135d21f4cbccd1c86aff83158b735f,1486.2664466365127
249c4a952a0c37432c11e105abca1a62960835590ab67671385c9e6b12e1738f,1148.821605166625
4e210de8fd1a5a55ccf53c20eae0be08a0134f35a275087e4b17b4dfca91bee2,1326.7432086811666
c8a2df0811ee11c40cadc5723c9acc942ae491281ac6529debc57fd295286415,811.7459722587188
b685ac468bb1aa0eba6e6cd5a399177c58a7c9f6b09341bdc2b9e03d1ab0138d,517.7725948632857
f91eefdb4d50458436711e73fa777481482ba36b74f22ce8844e3fcc3027f0e9,2302.3300971633503
8fe777f4e9be5701dbb1f20ade118648432e90cf5a85cb645664bd000f1a2ae0,1536.2342125758503
a5824e8bb6b5a8d7db68e338741de7bda4bed2739b4c05157179152b7834a640,465.43911053065557
bfee828fbf484957156b74f8e1a200aa5a612cf54e9f648f72e67f5ed15e4297,749.8362454881483
ff6f4cb69bf6cc27d89a45677670045b135b3977d323ad88b249a376c9ed8084,486.4990288277874
73f222e64ffb673a554649f8d30d5d58896dcae63ee9f3a064d29f89762956f7,737.4751692280109
069f96ef7aac2c17b8fccc79c170f857b1fa589b6c0597b49dd379a7c45a7b22,214.6638302903077
53d3ece485a9056b685840926a7797405d7f221f0d1f47f80a13cfc9df0866aa,393.18964467574995
df7235c699aaefb63e180690fcf981aa85e3d957dce6d9a6564a3e5c4f2855de,414.6453192870515
4d1bc0d251d257871ccd13c7f684d87d0a78b3cb191ed1ad4cbb07f4088055d5,737.456834875394
29a14a10d2fde219aaa7fd91f390a8ce041a3729e04c00d959077ec6604d34ad,349.34964671281307
c541f2c28f647600da660c1daef44d914269871429abbadfbe2170a000d7396a,908.0777204099458
9b31668ac70f4ee0e21c44345b97600263bef2025c7e5004bc016ac7de130bfc,994.1626320459501
7e072d920a00b73456b47cc9eb8facdf71c16f0387b5a0db66ff6d6f24b9feba,342.0958119490029
ac66855f704e2c1a685272e6e249ba1e37d36fd2b5458aeb2f7073b704d732be,849.5279987044999
8df43b4716e87974f0d97c976ccdf2bec85fd9e7331fbfe2027cf0bdb50464ce,1271.8030470082347
8e20e2fc699b6de691d52378e56499331bbdf5a26b1764bcde9e79bfc1fb4b74,978.2108325265875
e21c42de906ade2b4e6a4f7fa3eb4bc61c1a9d897da4b105c9a05d1dd201dae5,342.21717808770006
6cded63d6650650a98594e7e128788a1b67f879ae5c028cd37381a4dc6b83ca8,438.58341157635004
750280e0f9c08ae2cbd439e4310026536f5795ee9c34fa72edb0185dfb9f4207,888.0671079201619
52a086498b9fd5956240416a1090b3ba3aa6a9ca0a88716cc98bd11365b35830,649.0816162398725
33622a5e83879138f69801fd0ebeae56656c136b8e22399945d5185cbd71ee15,1056.6359974363552
3fd245eea2c3a95b090bf304d853149a10bef6b5bcb241c9dcb9a1da2625e4d1,849.1602211635427
375c382d05df6fbe1112cd9b099a83fb698eca6fa809fe0e89d6db4966ca3678,862.0565291846905
0875f3c089026bce77098788cea8384fd305cb1aeb002abfa14310a56ddd2ea0,1649.3844215194554
169ac0fdf81f666c7c2d9f13122fc071235b09909e9b4ecdf4247c172c4cb84c,1177.643231211433
0778a7cc2262fea2f4e1a9990d7d26f99e1825942421aed9de84532e8c2ed34b,1128.8999120749922
70028c9a70a391c9260251576fd9c17f63a22fcf45f5d9a32c59ae8f61904cca,1390.2462670840202
eb4b6c0045e4dc9d7c106ab50e9a67691a27e6741002eec1683d84bdcebe0452,665.1534848523136
8ed3d06f5b4dcc1b2afcd0b9ea27bb1eb4b38339eec5c8871f8bb271c3adfb08,870.1025974102963
4695cc8f403046555dc19a6dbb0cdb11adac6a6e75a8f76bd2e41219e30b9d3b,511.8949281112406
68cae65a462ff9de7a1ec006607b523afe1a47482b62efc33a26a1ae821874ec,1101.7304122479288
f827d627439330973d25018239011333b0c749f0a53de5154a0201d9aa77e308,289.3883948551655
a16635e5acf0c689f62c87674f53779581800bc161a60646416b28cdb4cccc1b,454.0700432185941
25b4199f450fafdfa1e015879dc2350f6146860ce3d79851117e53c5d0d548da,594.1950946885701
1752a3bae73d9e90872d7556e25829e4454215c49734c172e01d8b29b58c16fd,376.1446921936625
eedf8ee71f1de306baca0f6a556892c1f5de63049701fe34351e39d3d59ef33b,683.0661940444558
e8e264b5543b71c55cb6902024b871d402501b4567ed30db9b1ed7ccbd30c41f,922.309948464144
ee8dbbebed0741122240d8b07b014217f1ab5c2391c7384d4ca18223e769cf91,785.522596147183
3f5cb6d164fee8e1990928a278b093b8b4aceb8a719583a62c58d43c463b407a,352.9206808853914
fdc8f3edb2e37542d11a72ee96ee4df8cec5bce0575dcfc813631f1c854ac7dc,1231.8769685996128
211548a635eb6e2ef4146148ece7088d72c01d78688bed38ed82dcd1994a1314,1369.9342941963002
708170441f8f3794fbcf4e16b4c855884d39aff9b7d390f64d30f9f2d6ea5605,1292.1136927582552
4aaf88e040eaac204064da086c78527e1be16aa7add3c6061f8da4059a9c2121,1051.0804619972844
6e083f787b51b1c7570a1397879625ac801277b6e5037f6fc0da3ad45ae4ea0c,1072.562817978816
13699bc799a8cb74682385fcd14e5d18d7818b400e77999c619959cac1888692,412.6003608354773
729c5d035a7ad3308902b22109121034a3746b66b772b47e7183414900b00b20,714.2896821077572
9016a80f69f330330816e127213ef681e065591f58ae89327303acb83de494f6,573.5793382352482
592f5c7918403feb485a22a513a8b08fbf081e1b47a6d81aa0610f8714627019,435.286862085525
fd756c9791f4753e9f243d913c0d1de999681ac58e7bf81951670ba38f7a68fd,790.5408424023857
2037f2767cff0c706c14834d346460b1e163527a54451ab7de8c30d5f88400ee,883.3481692481656
b922e37423b2853aa1f6bcd97d653f741086e5dc812b759e19a1444eb70d45cb,208.0324195499333
c91c5aad667aefa8f3ef34b915d33b174938bb736101921e0d500968c8321afb,832.1233129252286
26c8d06dc43f97c953ee18e2aa12555cbfd95ffc30ea3670d1f6e21d03eb564d,1340.5449305344346
42567d0dff1ccb15b254cb2dbcebc36bc1b50c67f0e4e2702b5a4075342a33f5,2023.484054200906
3e78a2d95cffc98e793d8f9c624c48fb0326d63b5d7eee711cbedbb4e8a139c7,1003.914975136245
72efd5dc53cbca9c1fea4169d05ba097fa4c0e6f7ee113ce71b36cca6c482c1e,933.1784018466677
d4b04fe2cde84ede1ad236a587c83910859732a53bda6dc3cd5bc324a9feedcb,2013.3429898328463
814d240381084931852a322e52ea64335aff1b75e576948f5a025df320fb3aa8,1105.5188852810602
7475ecb3727b43e7e3e055d2c1bff48fa508074765bbf847db1cd4b8a704135f,1656.5435509130482
2a107ba5f6e41525cc8510949fb4ee64d5f4ee09a391eb42901c924f15042892,492.3298017508501
b15520ce1a087127948af0e64fe5a9a829131c8717746e084f91d32a1a9cfec5,2363.2444143528
4ce165ae10b5ab5b356092b0677dcb3798967421da68661745e183dbfce5b921,755.9997461374501
5720bc82d0b21931d0e7d3e5bbe7426d4b1370d2fc0ce860091dfc750802dd33,1278.8321692794445
e597bba086e3cfe4cff2d576dfd7ce985c1894fd025a7c6c75e3184415d3b13d,1104.4584075112884
7aa1781a3055b7be9e178857dc81ec9efd9706c58ecb02638ff9baead7274c72,642.2958716045465
6a5cc6235267f5778e4a1270dcc93fcd3052fa90d4ab3703915beb20fd0c51dc,753.6941982950251
a05f0a62e516a78af119f218be5cc225b8e4598a66067ecb04f4c21912fe887b,1420.662110383121
509ac10e8d9b3eb3fb3aa9e98420a5315fa14ee64f1a7c356ff2c7bdff55ccb8,432.50819065369996
076b39a51f2f5f1d9bb2e4bdf8591d8a99dccdd36f0d985d69b8b7e0c261f51b,191.45550921304283
95c914fcedc45a3815f348aca3e7ce71fcc9679a57084f504632eccae5c4d754,736.9707285941698
929fd7769876d709c00c50dd81479e02673cc016d336fd542ff1c8a9f2cecf47,504.6752902009801
c3e3650e37bec65ae980f640b261dcdeb59f795709623c59c6cbdd845e37f032,1112.45683016724
6f802ae6e6d05a3542826302af297d2ddcf1431441a2fdf26e7f7565db2a2d8e,1422.6030150127765
4bb7c43b7410ef9ca92a3c802afde05c62b3397c5949bea3d1e7e824b522cf18,268.64222062047503
738d8270c72cfce5daf7a0722ec4d38041860451fa88760456b56f6a1fb05bb3,447.1800131943429
b51e2b3420887aadb2f6f742092f1e75b0c445a85b2c755efb38491b99073e7e,986.6253209077178
b49f51f337da8a2d9f4970bc39f20ad1ac588685079a614550b30524029b12c4,1248.4594079076724
841424b0f78ec6bb5484e3f8eca55fe867bbb26e9cf4b6ebc59378134e2155df,928.60873064509
b84b312d78c249dc95e9ab7e1f143f1837d8165e28c5a3f8c4d2ac504e6ddc12,950.8671188598001
472aff66beaf8622dd72f14950edb2f823fd06800d4957c5fbb38efd5a2f04d0,1488.6156349468088
2de758b95124a4c313ba5a62d737e838bc6d81ddea1fb8180c77fe26f79d181a,1919.1490811537005
3fa3b715d98471a79948f44eb7beecbdd54c595c9dc5a88a7258e6850c40551e,235.90127693306567
4447b8cf1d6875a8077e2611d558000c86112f5087b4dfae2a11d1c0e34451e9,680.5148712595625
92e71a0023e4bf52726634f600b70b15e6dabb369134da0c8300d107d894c83a,1165.315828328153
fe270be5a5a126f64b3ffb30330e027317c65c7bee72192be6f8e2711d788afb,549.3087333029857
aaf24d1643373f77fee517391c2488395fca9b6f343a52667c5df976235535c9,793.1662816485579
a200b8542aab3494c0e5e1ca55c5a916eb1c2c83e541a04b55069ff99b58625a,186.77141450642722
e9ebebf14f86fcf77f8acc2f4115d7f1fae800a4f901c2ced2b2386d7f826b33,1388.5485876603932
218857bd08363e0ef3592159aefe81e41f5b4ee210c923f41de8d049d2a85bc4,407.0660609673
21b1b65f68d387f01bba03f624d66b3f6c45615880b5174c6ee46e85a02307ae,796.2842079566068
a0c7af184296e9fd544cd0937727c8825d2b7682a4226184107e507049293a3f,757.5420423513939
0aee2e5c13b82e225ccd4952b2d129da08286a09ff2c0b899171b7522c7fd4f1,1044.7314662659219
73f34d6c63d62ef66fd086d44aaa87bd24a47cbe58453f37e8238c43fdfec099,523.5491825232087
b56efb75b22203f452d5419f5d311bda1cfa15e3ad3719e8b76b3c0fb45c7ecf,425.47302308960764
28cf3227119e3dd9975ee210c5ababaa94476ec915e7af918ae000397264dc85,794.261724471465
46305013bc11312975a3bbc2db25158c6ee30fdc3fc9679dd49157b2a2a71ebd,898.6127068492312
355d56c9427af3e9f6f2516e601613bd8a7b6886fac30c6aca7e26787871b945,973.3107341235784
bc8fbd134d4806338388af6d8556a2ba3756ad49955fcfbcce5328ae45184a67,294.18289447879994
71887f6115f89aa01931c96b47abb2ac1f5eb1d57a29aca266b1dc70c8bbb7d2,367.3507990913823
03c01978693b4b398c53dcc001264273a40358978fc12a3a70b64fefff94f887,941.8163354120345
4a682f94087de82655e7d6ff48c01e9c4f7119a43d492970f994914f3292341a,949.300958263325
2f02ddfd5e04072abf31df7f78a8be76a95942b6b824716b325f24898f8e903a,275.7276329523899
7b311a5216c2154507e9c0cd16948e4223df0abafd44c557f11aa5543024831e,282.8554623829258
fab957507e1d6ef8bbdbd65bd4aaaee64e958bb31d8b09909621895054c24290,289.12383718946995
9cc826e045683eb95590866335cb27ee1451a1493c57fbdb3cbe2bdd279fe465,1109.7049182105354
786204c66a7883d2ccb3ee277577e4debceef73876cec8be1e9f9f441fd219dd,141.37351106291248
0af506e9e9958f94f1d05340162f6d39aefef50dfabbf4361cdcd10e4ab8b173,615.0350153728393
c55df54e8ed4f519a945f1b4da48101c83704f7f7a013440793d0026291f4985,383.154494000068
ba1d07fc6b61d56247c9e917df346a176aab23a1ae311c669ecbe7b8d751814f,937.2703868001843
3138e8c674cf1b742c926333a9bee1d77c27fb4da3ca67ae4ea8d54b1765431e,340.5590398083353
b5f44e94c624c43f6f5eb0ea0882eab44b2b7c0b6001323f03bb8a2f86297c6d,681.9485908539658
29475efb08b0a9a717ad242a20c977650bf73810ae18ad18a562cd8f0eb56e75,278.73228653891147
56dd10d8e3d010108348eb67b67c99b3558938e5d3a29e91f56b028279e44ad0,1762.0317627009345
642f14ad71c4aa6119e75c61577aa84f078e590afa963089c882897ae078cad9,1093.5489016612821
9e9911f0c685d0b9157d6300e6cc3d8491e478aff913736d341956e6f7e116a1,827.256836023512
85f4d08b005a20fde1c6c7fd3981570955be282f8d716d571bfd00bb4dd692b0,373.91419421161066
b9c360732fea8e6f4544b8a1f34b6fdc4331b8979f4e6981d2fd05f1e4ba25db,1112.2623754306314
b315ea1a8e7e5611d203965495525b8f22d2db6339644c346a680d4e79d81077,557.8710993578076
a9ef0c141a741e1cea13ff8dfe862b2fc9751ab084b12949f2755c718288eadb,299.3490456847963
fe151549a8932253fa39719a88d7c5abae36b10658716988c71cf32ea0685e43,746.5752304259586
979b530eaeecbbf03123ee39c4b510b746f684b9870cb4f0e8aa07511e70ea34,1679.648986560377
7b24e89e1c037514f7bb35380fa5ddc8984218997e2c0b7f298a4aca65ab65ef,660.4998240265687
0abf65423d6aa0342657b672336d42a29a35434e20aa6cfb9518934fcfacbff4,843.400659145593
9dc08c5afc07c2bdae70e01b3f2a1cda6d32a8d81e83c8775500a587ceaabcc0,1257.7782020069903
d5a575b49156ff8cde8c670968e088cad2e3e04e00b29ba92a2027851aa69714,1124.7687041801719
1acfccd8763c9a8d05ab9f3e06776574c8c47909e91877e432d25d6aec3793ea,1268.9751149447764
68b325e5323e4c96433dab94c88653e79e229953bd42ae6eadc5ac1d531816ed,530.6838337865482
dc4eca0046ff35c33a8947d284fed09ee0f4b335717086625c04b2d457ec011c,2272.1585290182834
b6b4e332eab93e8e8c297802b79e6a9e35dc0da98bac295cc801cbab017da5b7,638.7696209062501
05da55ef7cd46219d53dbde1d3d813c34fb067704dfc7d1368b6291f5e69df87,722.0546458865514
1ebf28818e2fbf437fbb70672c1e4298b0c5f1872856624da82c820728ab3715,569.2509530468818
4fd3d7cfba5648dafe95d58a6f8f05800c6f15817dc6381faab4ad287f3701b7,689.6332063202742
20eb4919620d8499cd06f24ab67ffbb006f1a2bd37a6717980018c7c149191cc,584.3514933951193
336ed6e369a4ba39294ca1e1ed844456fe16701db64bd182e709f51718b57582,770.8855478349946
294983aaa7f9ea3b39bae4813c44e1e3320bea55da935e1507a112a00146d815,707.3251500179275
f565f8ea98b0dd5f2d297a81e6edc96212a300f5b2045905796adaa6673c1bdb,685.1937012234955
2f03ed74ae7cc8cf4eab4d55370562360782045c9099dd4b46e830d80b15c3ab,457.55397702102863
62b02c624696342afd432a35cf525dfa97ac42565334fc60739b9a2de3ba6923,600.6424076679353
a149e9b764d6deaf7b036b0f9dbe04e4c25a584220ddca390daad15e3995d956,1417.87284311736
4ad36a298883fa39f4fc5f7e1ad10aec3f2b01fed7eb32316547697435bd816f,261.28743831494114
ff0687dea03d0bf03add14cdd97177d5f9337651b85371b220c49bca70272bf3,1435.45189098301
33f383126963b8db6513ea789ee83a1716740c270e61dce4da3eb2386942a749,618.6210166033889
207622f282b50a2b5fdcbf1e2fd536094e0d029a2444070acbba9674de91b72f,898.7772155973087
bd69cc7c8e5cc1047424372940d6730f56bdebf062bb0fe695aadd286858415f,739.512301556136
c105214d2fc015936d6c40d0bfc8d6a6901dff4642c17e96bdc7ab515ef03a79,724.711974057444
20036e32d0b1828e9a659677370c0d900eef6554c6f05e676a688cccd62641ee,326.8698414715138
83e5838ba501c484e945b0049d655fbd9e00828e11ad58553b1c04d23dd162d0,362.6652828565962
25041cf73d6f564be98529f029bb1f104e0478ae8c6880db05e48d7903ebbbbf,680.7571860948
fc46fd34ea308d156c4e26b8c79f895d213df1ec1351136cbff3b129b05ea764,440.3046793889591
af2dd48efc0c22f03449b0aa9a1a8d9179941f8a0c4a1a1e0111b03dd7fac258,601.3158672276908
ac63d2182bd6c3049fb6b3e541de226334354b65f4bb36eb14c0006857a9264c,1624.3502185943396
50363914ec75db4d4441481f9365bffcd1bce92fe37bd503e5ab39165009ec1e,337.35405358503004
eee63ed6f8fd7fe9f5cb0e351cb92efbabe2539f31137a7adb1dc6d5d8fe8822,1006.4408042090176
e9083088139de095b102b5ece224a813310f0d9f4500c8b01e2b4bfc2cb92f92,835.5536637803726
043c6d59f068a36f815a8736008e2ba8216ceff00aed369e00246b62aa29bece,321.5667150914857
8ac28bba700e267e330bf943d4bfc6b8059f1b37e7599f8ce94994cd7f81306b,1537.9962833732118
edfb378152b7bc3e418035e4af80d7bd9c172c0803a64d5167a29fff4a5af622,296.72633937302606
941cb9eeb71796c6870ea6073930d790d25c9b070b286d3f31f5aa6ba0793ac0,939.9265927945385
f0905eca09b366c106220322f0d5d937ad79fa95e75602a5e652cf8f9006e5a3,401.48448692708405
1075e9acbeb5816095332e2112bca293f6db548168ad39f92cfe89b6245707e6,567.5853413499857
1887c416a2c9263f7ee2baf192200b7bcafa02a90129e2bd50a0e7a592c4b021,2088.0060355113883
a9d87058b529342a54d8348a7565d4b6991c00232ba20af61882fa0cb21be5b1,365.02416767836155
ccef3bd47b7d8a93578791579362d7f61e6daed3dd4acbab47997bc8927218f8,918.86974449678
a7cc6ba3858bf381f82934481a46b84514f0d5ad8d1be0b508e2781bd441028d,399.62717741
4ee558d496ee8e9231690c3069df27080e4b223cd6dcaf06b254b944fdcf040c,1467.6954400539598
d87b4b86920298e87419ba76ac440840e470a3036c9acdf49cbce941106a2209,305.4874119976594
e15a1f3a36949ea33371857c483b97dc72279d3c86a8e5d891ffd0100599e69e,729.7876792520099
e77cc87d633504204dde8c1a60a630d86b5ed56e5f9bbc144fac48922795453d,865.9654744016194
07db61d50cf37dabfaeaee285ada1a36dd8a56dcafa9bc972013e76ef12d8939,228.5402468628714
f4fd6dfeb11142b8fe08a0efc32caea0fbe0b18ad530b7ff411d67f4d529d3f0,956.5034593700368
982849a5f82a78ebdca49e5b27a0a348f1a277d08dd9d9ca9de388e9b9597629,918.4891740513752
b644e2914d8a77e7b0f6eba6b085de0cc0b5599947dd47825d8c466cefea6647,602.8661271243317
468a722c2b4ff905365772d7dc5bdb4e77b7023524ed10dcd194ec9a6e5bcc72,395.1470747217473
6dc020341182d54145cef37238704dcf30c1a9f566e4be588c62dae99156d8dc,495.2323387783542
ea506aedf57e5d5a679db910e013d6f32c8ec6b7e7177fe5211a4e00b80383e7,415.6052989801287
895ac86792182d9b512fa3eb49a4efa7140ac811f8db5ca26a7d6e0d61f803fc,226.31821400480294
d9ba6f964c27bffbd6c77a9950c819f7abcede5b35945479b6318a5c5b65f880,719.710894658927
9b405106358f5625c7e1b8c3b4900dfa24578e68360b520154de2ee99650c889,534.3878682251334
96799309b8e08ecc6970085fc891a9e6375542440e59f9cf9582434176e80ae4,1578.3308666402809
3182981635840d8580a2b6603b3ef043b2e1f558654743038d76a574bb72530f,993.70200962101
be23c5e9c5b414c52f502447856b665543262e40b7a0b873335d78d11c9207d1,699.2374121600907
13e3dd46cda4bdce54f8f5a9ba9122a1ce80942e6f5a364d4c7c95565401d965,459.82135733639996
df932a88be4d301d6dd5cd7b5af9fb6c4f0304396d756fe509083cf9bcbf1a19,1134.469458845357
3a15bec970fef0e5965df061a2416bc7f100301986dbb37203424c7793f22da4,749.2493086447078
f1eee6912056437f81e59ab2f3b202f6679c037c60df6daad0323afb8cf6c97d,359.2287908926138
8878cc7c2fe103e892403d47ef3fdbc38d9f694acebf9791016988a7c5e6d0a2,1041.5737729959724
dad6f7e32115cc820891ac67ff77284659115fda890d9bf0c5206c3c4d1d97fb,1524.050015363043
57cfdaa4d2bd62c581d6b7680d5aeb9b2efe7d863f03bf77b73f0a67996a2bbb,728.8557909484456
10951b11a501fb81e7ebc708476b4c2a71377379655b0fe308e947802adbf28a,793.945228381392
c7cb1b8c0c7f404b83ae14963a384be7fb6100d1eb2b223cc96eba1c8c0df0f7,856.1666336663367
6bef1d891076fc4c546eb4b954c331cfadd0e34b3a179059b95ac0f2e24d8bc7,641.0584797310137
3dfd7baf64da28502d6af48e085e3c34bd3a5823d1286a8579fd9b69d2ae61df,1140.3070833260126
515e890c24d7b9fd0f04b20e46524537c5399e7c7ab05c4988265de11a3bf5d2,652.4933347181711
40b0be7f7d87b8edc85c603e80e103e7545fcb1e4f1c79fc8f1f050c107a178f,859.96933482912
b3a10bdbe6be2d748360ba3330ae62308dc87a928044866863f3ce24f1a8855f,929.0265393308699
e00ba373549e61a739991b44d33e5a9dd22212a913a8e8233867cdd22366fa96,400.84411200108747
7ad95e362c227ddce9ab36f2968d9e885d4cec6e4f8fa9e2108167b8cee624b2,901.6197003406969
ce93baf1afbc327bece3439d35a6750d94c283dc54329b56faf9ddca31c28980,617.0031924894749
8d48c95b9d9cb19900e9b0048013953e82e179dfbc8a76e0d88438e84fb67731,568.9539195598501
912b5c0dce12d56924080e8a517eb992a06a3d5725150812319285083fbe6bce,1217.1920175445
a6a1dcc7ce8af7a4aea22234af2bc30e6b98caf64d7fc7f4d1187c7b32afcbc5,637.8501674802088
476b69e5f6e362da610f74e14ebbe7951ffd32311c597a02e9eca3766ac99c31,274.69953320654207
99f46c0dfa60bf17701f4c4da19d533b643092eca8d151a59295a8128674fbc0,736.47312627835
a1d1e5f0edddc312da4a040bff8d3352bb6a7b7d6095191d202543bbc3254749,1077.4515161006912
48df09b034caa3edff3c27a8be347ce982b3a0c771001e1448162bc411e2ebf3,753.5325667112502
becb8ad66387b7f09ac4244cbc9f021c9b97f22a0740bf52e1234d7571aeb0f9,721.8231335847001
1932ce61bd841ffe4f48ca465c083045f4e5766eb04ab6e0be1ff9b40832318c,536.0075522321841
bbf56c11a2f9faaaa28f67b364e3fcb03c4967fcd422e813863e5f63923f25d8,1214.759265085122
90d6708c6d86a12b227bd7b848bd541fad694faf509227436aaa63899767bdc3,959.79967728862
8c345400feac9da85eb7884641dbab0e335045984355bb3bdbb1973065e9fcfa,1938.5689859432914
0f17398e28eac92406ff396094c55c4cbb2008b940bf33747232c928f213c477,900.5802134048228
03be33033cdc868db312031a79070edee8e3490adea3b02c0c5824c9e53dbba7,638.4405051374894
326513f4ec3dc5921a5b8b6976ad93892105f71113b90b893a045af1b7e37303,1076.4409124959
72a6d8c0c3ecf599dc0ab412944e5dcc42f37f24ad14426ae246d22a3bd3ba24,894.2409045967764
bb850a497413e363d5f486c22683eab2945d44ccf9f4826a4a3a41acf490cecf,359.71039542201174
deb4022f951b6da705b37cb4a664222291de2e694f657c215e810f2c342e22dd,915.0631872342343
5c0b7e684792d5ffddf687afb9e5f8bc9e4a228527364a459c22d71ce7903e61,503.0264087500201
165cdcae0948946c556b1698362f945b95719124b8399034b690a580ebca80f1,691.03259215684
1f52c067942318d74f64d7546a9c312bdc301e69b0aac0d6b4791008e532f355,1230.0781243977415
4132a64d374d95eebe61d91bc01064f84f1eee6669bc898da6d639bf637dca98,500.18862086574995
2a2357676efbe89fc69e96509c5e9e6527551d90a8d940715472a3a28ed8c8f1,990.2432891801143
9d4890187f954cddc53ed575580d7440d64916b7c11bdbfa3573bb834a3ba42d,1730.260796684593
f2999d084bc16bdf85d2e65d66700bf2bd0c4a336e02cc7505a829c475575e80,1458.8174012183113
a442ef92f4833d8c780d6eb32a066af0779d7eb128032480ad808bea84645dfe,1238.22170513175
f1f62f5003db11825edcff57a677ed781da3d9cbc505b83e891db063093507d2,572.400960798225
47f88fc578a056091f57cd8867f9de842e24749419db05e08b286f7422f85b46,175.5816109440808
6aac9308225e72395d1b690e30d5f92ae54d4c7985733358b723ffa26b92eac6,970.311175467329
bc58479dcb3e92e34d2f23261e5b753f1ad21b8dd2af178c10148d62e6c797da,484.9381458926538
d444cdb72a866e3062c13cb368bb20727c680f6de8c242073d67bd8a7ce94e56,329.11806012209126
9deb9e3c80407cc264e94c9e83980e9cb1a9d22fa0c84ba0e20e015f26597b65,797.6887383080908
b7b3fadb6b0678af6f42567ee437b4c5fb3f831eda1c73d474725c08e0d9a9cd,253.590147182975
b9c2398b9f91e1f27cfe609aceb13c51f0d10ad2d51aae35a938042c084618cd,1301.1412472698546
70f09228a98178ddc1cbc8c068ff2d5698c480ed7200c7297a38b26999d688f4,946.5952828684079
6453e2f8afd4a759421e0c7bcadf4ef866cae899c12b83283134c57e51ce3e95,488.0147888845607
3a3f8c5bd135ef3fdbbf5f3261c82c0c318fc219965a4103c0f6c03aeb7ecc5a,1097.7053136501208
2914ab4b2449a23e0d8f7ecd082ce00bb3ddd41522a39dfa48c1e1850b2015cf,1061.8326476368732
885c79e6d890c052cfd714999ea493779193aeb6313fbf2e9e63aff8ea170926,340.6830057763971
36e08b6bc85afdaa3d34295c479bdc7f484e450021e2941b3e100595ff4f6c11,561.8442282467046
2ecebf9a1a312178088fd812ac7a253a6d0a57b1789044027691aea11fa5c488,521.1307243919572
4ebc9ed29b02045aec5c5714790f06fece00b2478c5a09de8d93c383a04c0f0c,1255.2437434535098
e25acbb9caa1e39b62af7d1b97efb633074dcb2b3d110e3d0aa19f3a5d7e5aeb,383.82603409907784
62057e788ab9e1d1045678d99db4048c0d1113d37fac936bcc90d4192f87b5d5,1106.2248226492698
18a283c5bf3fac6f320247255e20e5e11c97998cde44acf5775fbb02fb688b2d,359.2406551298226
9f34db84537fd8095e122b8523c4051a37376db93223cdaed571a28b51b7bea0,1123.2892348268251
1da2ebe961e5a59c5d64bb40e842d9bd005f5a7acbb1fe413b4d344da2e9b48c,498.6960262620231
a5693ba66a15233abda58b6b4bac497d448742c8c02ab61ce05bf255ae0aa773,181.40813512244998
c562af6fa572cfee96b5e7025bdb7497fc6c688a4579d2a19a597697ae0cabcc,785.06301305764
ca66d37039f88a80f6c83bf0d2bd38f5a71b2c0661f7317c7ca0400246abadf9,540.8582327385556
8a1c8ddf687e74c0729746a8770d346660a9d734d34f6d19cfe9ebf7889ef6c1,179.66425948107002
1971b58df5f45d367729cba5c2ac64b1be2900eeb0deea082916f55659fed0ed,581.1787352213793
cb72a559348cdc520819699631e92dc29f9793145b9f51fda61b6ce07a2daefb,928.3417513857546
bd282b6362b9bdc22aa2e38303dfbcb933d782a5f1a9c89d3b0cd9c8ce0dcc98,285.04473153435936
cac2aa12d3f78a27be8fe7d160c22979e4d58b27cae861c53f7921a4bb030552,921.4713812542548
4cbc9768baa0857d2e373f4caa0eec3f68e482ed30d3cb685234709766505eaf,453.8462549764034
bc697306e96654d324e957c388744421d62a92f3ddd3f9d76d97b873e6acaf7e,1092.3208359565288
fcd0fb6a10976bebed105d3a6cd0a4bcb5c2ca5d1b6307c5cc5848ea7bc65857,467.49637588928823
99979abc510ddc73c48b4345f79714cd6f4b84bdc437cf576f5ec2d9f3ef3b1e,766.0286641660178
49d1481c12d6ce52c950746f487f1a2fa9489ed0e4eecba8631db11fd35dc90b,834.2520477300201
12be545033cc4009615e717d1345adcbdb4c4f0101a9db9424de522fdcc455f4,456.26370247261076
150460ed5d9b7e12b4f77c210cb4661a7ec8ee1df6aee5c7691bfc36f218eba6,584.8744925211784
e2ca738dff490c1eb89d33cb7e03ddc790413f76763fff28a01278a833cff44e,257.8861822328069
034e30ff72024f4361584f3d3f9ec61f53477046c0bd58ddebf4650acf9b9f46,297.14673102303755
a35d619e9dba4e7b3351a0a0cee9b499b0fbe440a43725d5f4292dd390bc2548,1308.9156512928585
1f8b415845a064a15513a83c42a99f4eebe8288603ee090eade1ead6bb3482c2,844.8243406940344
fe0b4c2c46e8e35cad468ce5166e70b786506470cc68da53e1bbe625f30ec645,446.0308974330257
5aa336435026b4f0196b346f527d665d59c296659d556babc0fd5af2b5484aab,883.7224055316965
64305e3c67a4f487b250f47db1194f510b421ce8068c888b305b5f4b42244d76,420.9258359768735
963b360dde19e15de65826e78faf58dc8f5cc924d6272c20b348858ca3c0c530,599.56211462779
bd090fd9cca3d232991e08a2240017c57809510016a70ea6c7c40c4e4573876a,667.4087493357188
0feb62fad1d38313489183300734358be0023bb9ea9141d0f605b6b39c4c0214,207.70609139444065
db4823d028ad7891fca9b299d151bcff238f6eb7a5cbe91679cf73ab7b816ebe,1124.3638590641497
6690bca8ae99de7fc0de524bb44929cec9cde3b78a6cfbd60b437167939bd799,912.4599983716346
ba9e7d639443e66a79320b601266cec1b7dbf7a0ec59c60d6ed08e83729187e6,586.0826268617828
b877648e2bc60b9c1ced07cbea6e3b8ffce89464b2caae06ad03451e4e98d22a,1653.7048939551746
3e92876d870824eadc8129cb1a9159409d60b52d9bfae20c20bc2739e1dd4162,980.8257947261998
3de5d83fdee4f5d32492719678b5a7a97f44dba908c97be88434e2ac8b3d1d9d,349.4178334345
a2e23450f0cd3b68ef04802b9bebddd22539e137bfdf4478fb941fdf3bf416be,685.7712794081315
913aee74761aedd9a36311702d507d1dc83e64bd2749c9982a049c61089175b3,707.6570800725281
10ab161eb19195bac218d21fe2f3ecf24b351cc3e2c5abf8033984c9ccfc06e8,383.2160257629097
37603831354dea1cad37fcf9e87863710ddd1dd8d14dce36274511d4e03648f1,319.1054845666313
84003cec2899ada11650387708e3fce24b4549a4ea65d9414c1765561cab10a8,372.77379210462
6e9a575fc579b06cda8ff0fe9fe73dfc35f376c5c8411c5ae00d0bae39cd7b70,367.8713059097444
03a60835c831cf3ec8b08a74d2dba16c15f292e211a14538bb60860660707cda,678.4146266442871
c83151df84260b9dd7ed2d2a321c89a6bbc257d9344e6a7e8f4447f5715dd4eb,771.6367849372353
a22286c1946e75d63c940a6d14aa85a76fd8150c034dba477ccfefbf82287df5,1241.1373525843667
6d3482dd92c809d9dd73cf2d8da43c0854390deb9b686cb309e36d9c7deb67dd,1871.6484897633625
a74f51b2bc6fe075d05833a7b6cde20059502104b2c77c44de9ff7149d30f19a,574.3002473952097
1f2f84a9ff73f2b64d4a02c95eeeb72aa2937ef78419bece2f459ad686b5a028,335.1018095868
b8c2c46ea8d5169ff3075e3d45e33e3647ce3af0340bec766884ed5589562cac,970.9944849506574
8ce59711fff1b9e546624d7f0e309e8012283ba92f2488815f40528a5e98b48c,703.1936046179201
9b9c899aac7a03e691855af3beff81b3d3a41c39c0be63cb19a05760e45fb909,681.1126837652249
8af3e1b52dc77379d6235e088de3951f0deb44d36e4a819257e6b6ad8e1a9915,250.2371261461781
ed01459cf3a0f273acb74f4549caf3158b55e0cb32927b5bca0681b4ae0ba994,731.1838137131315
9c1d6720acfe75fb7b95c0db77751e1bba6b55b39688a41376422750cc9b1f40,260.2650365651876
aa1fe02b05626e183d6ea9908b0724bd334cc33a687309246a24a54fc421e15c,891.5226245537035
ad73ff15fba4a70e95bc4862f0793482900ec37b2d2958e296b566fd32093d41,607.0571591194835
dfa4f2ed8ea15d4dd2b6d298ad8fc1018229e012b3e646f7b51833646d4a8d0f,346.6171275096
9b6ed17d934e034036a3bab322c8bf62d27c070f97c6dad1ea004878caebc160,919.8313698508667
596a49bb3d276e54b612f250cc5ac17d5dc58c0ce60c01f496d341c33e520e26,600.3963788038201
c2547ac4457f30a367cff172daab1619a3544cf6ccd98e4ffc84f6258b4da2b3,1019.6706719402517
76a264919c110e2992a2deeedaf6be417ddfa9678867ae6c265ea6bd78835fd0,270.27316820182506
5b2b7eb9ba4c7b052844078de4c99c3675c4a10df340a937d72c5ab036becc78,876.4172050443826
60d717b86cd72ce2247aa689aaa67d6a28eef400e1ea962caa0659cdd98331a8,842.5791503607655
183dcc134f7d304db0ae10a716c82c09ae3f3013ca37cb6080ce4656af344551,779.6352238771999
093cfd5e04b35ca4a14933f16efb12b4adf1ac8369da8d2fabdd9ff149bc198d,987.8129198606899
722d413e82152894666da9c5d7280fd2c4ab7abb299e08d2525be9ac93c63b00,966.1666776744535
3ca2f60fbd70c8acdb4d956ebcd1d03571a167ca429db562c26e2cc91b83ea45,498.03036388208574
3f3b55b97b13073950e49b117a6b1e57b494058152f2177fdedacb0d1567f1bf,988.9292486473288
b85edd607639f669d98aa0de6c118eb17c0b270c85110e05f9fa500dc65f1ab9,418.9859544337059
8ce41e1ff07e4d363b3632702563c066dd8ad087a653247321fa832b1427599a,648.0176565202501
b2af3427a2c6ba9be87b437d2173745db1abb9d7cae978ce428b101d397dab2f,317.1585572012156
b31712aff0a90aadcad60dc8d4dd207d83e4cced97f29a4a41f53ee50863f7f0,286.32823398578
0eb4a9cd49e20973a0599248c6264622d65775c38611c044bb770278e56151aa,661.4852032777375
a77b8aeec9c1fd048a901d76d07477d6cab3558e787c9a73c0c699cf5f594c10,1005.3308217763703
c87755828bcbb3a73d6e5cf5269d135ea5b7beb01c277aa015e2fa580fc027e6,86.56574635512634
72d3f204d53c0aa19fe0f389707179aef7d840e8dafda7f7c627e787e58a0bdf,781.4100085994439
f97ebe2e92901a2be05b3a371693b3746564d09023462ec6bfc8253bfd00fa21,903.4593472649573
c3b921728c375b5dc87506044ff033b11c7bb917cb2624de9c711baa083a4549,254.51507300651667
7f1cef9a203fef45f54074f3f24332ccaa5fae86e2338179799b990ecb2009fe,786.4040731776772
1e71cefabfb7e625bbad91c4237bffcd47cabed09a02f44f6a6f55409c2e605d,2901.1023108667655
9c196a84eb020bbaa7280177532d9fb8a9aeb055cd866972579f83237b49a569,414.11926324290005
e09f0bbac661b48ad04e276d811061fcf72dcd76cd6c3110849f4f1aed2c92e8,449.59483514300325
af9beddf4c90fffa9073de5398192cf19f74ffc8e71882402752aa1db4f8437f,813.3798182342626
15fd12c788d93c397182d67af30b91bd87ecd8583cd919f671d23ff3dbe7d39d,658.50807759285
7d90e86099adadb0a9938ed7cd1de57c295466543de8f5fd6bdbf33e6bd30138,809.6158624412479
1f73ae06ec3b4673e1bd5e75f324a80e1046ee39f1a5de35ad7c41adcbf9b26e,1090.1993479183823
d9ae8314a3df55f8e90cc3cc8090b2294d691d51fd1dfc1fb60b1fdfdd4ad0c8,445.8937773235363
6188258a862468501e296a134931b416a8461aa57aea5521fb67a89dfc94b3ee,659.3863105729588
e530f05382076dc385526ba56b173621c1576a62000e9509b0f78335b80d12d5,420.9694311291818
707e22f4c5e708e4477d6ceb7de11d29b85e8ce946a7d077a62e3fe17493932b,650.2530534909818
dbef7bd803c694c4c286f930bb0177cfb8434a42e470bd16805a89594781c082,1983.2704381021376
3309c054fb3d3bcca1c8a15f24a2f4fd2d605997ed51ea59bd7ceb607573b4ed,495.8324275812374
805ac6037ab3ea90438aa086ac025d9d51071ccd3aafb407b690ad41d03d6daa,315.99467130666
327d8dff669a4bb7957b2ab62abc85d0721d1ddd98fe406586bb51f902877249,1576.506042279578
4633e781f9c62c2c8568f1e9af44a3cc243a5cccf5f83f8e48307b114ca1289d,1143.8713688381883
1ac053d5fd3a7ee3b00db468738d668c44fa0401090b64302eedc2c88a4108ca,620.7384504172002
2e10f709acebc5a0e961cfa1c9d36d29d3f1c4504ba337f4664211912e9b6f3c,573.233607627811
8e38208560742084b35ccc22a737296c504e0e3248e159723ad845aea86a62a9,379.4205114384789
d94bef269394b51c54a4b2df338440a681cdcce2d3053b49062ffabc26124f40,858.0081574883001
9baecd1994c6bc5d64d9bcb63213e2406f06247ede5f93c504bb7ed0a8d2f1aa,1722.5342783670314
effb6e46e334740fdb147d5617d451957d3234564d80a81456f6df2755e0cd21,495.1536421728725
e46a132de2e2d327de79492826bc97aabdb3ae0b870f114b5b835b92a8ca9752,1500.3923716551512
7d99600448e35530b3a21b09db87b68464a835666cf8f8c95996859f085f9fa1,1075.6773125628583
1f94aacd2128c5358f1929ff2df08816d0a98e0d8156e75c786c2afb17e266ac,1094.8304823332667
613e80b674ae94e137cfa4017be4f202113fa865417f051d63eec66b33c45b2c,699.7788734720399
a14ac0ed7c73677ba152d4523aee238c8a3b9157f9e77bf38e5ac5394864e767,384.4108633189899
c03d06a4040c053a62feb403f6c8916cb2dfaf167035c9e4201be01384d813d5,337.5213077214274
4a6edaa7ed4a72a7d3f4ff696756c574b5821b5d27c66f3eab2fc6c3b5199260,432.38605230694134
ee5aff1718d1bdea3c7cf4f5b1c4fac88a4aaa522a20346e8a55db9cc6b81b7a,697.5989134186334
8e98235b01ae61a55228bd2f9ba1643d52bd142009620bf3c2c7c67b7d95f1c0,709.4070900106901
f51c48b2c1fc4ac33187203dc44c85ee5e3b790d73d2f0facd6cd6adf99593b2,275.25795619419654
2652152fa4380fd38c1737e9369f98f726c533d2cae7f694226d32ed82b1fe07,260.80382127695
bd224e59028e258d2112c4872dd7aebebabd3e386f921010762b3e7b95c0c1b4,215.68677200260288
949690f010a4844142103a1fe0c5b648999c3c26b9ccc21de5bdb7bb09ce423c,129.92899925523005
97992e2da079ae854908eed4845c4c745064797eb4cd05115d6aedc5eef4a4ac,952.8048431261531
6be8893f1d9e7cbd95699434fc907ee6f777c2ac820ee0c3f1ff1684680b8e65,841.5900526403636
d401e222670b2150cc56e28a9a89954b651940b07d371e4e2c90d071801f38ed,831.7331765951801
471e2a8448944c3663292c84e316e3629fc258997228581e991ae72a1c82813d,729.0171083780318
a62ff07c9a93e69d923b79ffaad847b6bf22d87f1eb9832793049ee10938c8f2,379.3170508500097
1fd83e00b54fd3c8c3d0f8d12d4621051518a555307a88374858091132de1b77,310.0799992431667
72c5e0f0e2d4b0660f55a3759d47a83e3c866c368215e8b2ed439eee2a605b5a,654.0309941277943
432a80a57dbd20b500138bfa3e764d4db2000ab8fe54ddbfd4305c8fbdc7eefd,2170.1915193296804
bc8847ec096c377d0df76ccea3a127b13d48bac9eea010c1f022e4a370e95423,1387.2300113366
874d85720806e2909c05ceb1138e860a3a3d7b4b5384daf162e3a020d3666bfd,846.2052798205002
a286a79f36dd8e9f367fa71beda3035da947b1dbf7a730ffc98d3fbe6d7fe97c,941.2216405640227
59d5fccc57315a45388cc0125e122b21a6d06437d23d7fa087370ed16e833bcd,217.27677560717999
f2d87fe64a6a3542cfa64f1268a77fedf419511558747bdc6076756a1279b8fe,233.80870757723218
de3f7ddade9c402827b806be22a0cacdccef2ba63b2a45a12d709533399c3bec,1457.5930564882697
80cab2b60fa04bc8e29e69e290e569f51cf4f4ac0b3cfc601f0c6204af70cdcb,694.5084690086824
52f8dc2aac0de90239e6a62abdbdf3a789b0d7976cf40c3b7273f455ff759668,749.4114948086834
252b2311447dd1f97060b0052e37c5939d019da7c13c9b3ce9acb2919a383838,734.5714777956773
06aa6a632dc1ed5f0fc0030a12c2ea72f31ae89843746f3dc12f2c8da67c419f,444.3003862948161
a2a496ea154fcfaccb5b0aba1b1c6a766be9ffa51f0110ba2a22303b056d5bd7,1791.6958975024163
4e3c199fa5703cd0d8a2938758fe08d5b2e2d563c89a89be66bc1b9c9c82c3af,285.13336692252
e9497ffcac377b3197e766ca45fb00aa7d0671bf494d906f31ff69b4f4b1b715,1411.0500171305996
f22cde368e1c18d7e747675b98f1eeceb291bb8f07bea88009b0d6e8e036e6ae,450.23588955985167
6551fc31f11d3d41538561fa3b7a23d2181a954ebf473af2e1ee9949d1b024d7,433.61796001845
a88250dfb82c7d39bffaf63b4d27f2edfd18e4e4b1753007f63a71e97d1a646e,522.9583928032968
334334fb7db2a817f9fc7d6a790e5c4fdf7274945edcc70a736f5a8984b872c5,539.9570967702834
f0545821ea1134bfca4294fe05c77b0f46f3a03566f3b9a84160f29a115d61f7,673.5531740262176
c6aa7f7b165ab98e48f2c4b6a9acbf7e9cfbcc9dea2c3dfc1ae18f88fae5be8f,787.0889146989001
e0d7fa05386776ed2cf27c82000f31ae8b86de7d8df00ddf08c53ae04bf668bd,631.6854119972062
a79502d72a6ea61c7564e79dfea9ee653d05d40f71f267400724f465476f6500,1271.73978380609
489a0b3b4f2301e11f42b0e1509861b72e9ccf736b27825d98d8e256b62ef410,720.6366271290232
3e755140185c9683a86d063598bc0d088f0fa099320c8aebea2c618706d54592,584.5911554969708
8bf9db93e171de9cd2b7ab767ff5d26504e109f26672796c9bdf91311108e475,551.4308628144196
a82fd75e4ecd9db3c4b21b0ec133a36f4c079fdfdd482d5fbaaef8b662135364,852.1336601156555
635272adc02df9c63f53545280ebb99e31af856cecdc32fa093a562291a5baf2,378.31344693165653
9d69239215a5fe0b602272bae1ccdf04f422c5fb616192cb7509be444b893589,1267.2758878749214
d9107f210e60506809124eceff61af9954a9e089c1847a4257b0ff820ba3e7eb,925.0501262690439
c44376f62ae23bf28f1525a96e31a51a37146663389c04803c2a21749cf9f607,456.95854829344734
90979af732104918bdc5d672d3d9e7c0ad5fc5a6bb3eda9a8b434ea1868e78a2,853.6400301710039
cc8a10a37df4a7722b6aba31fb57ecaa24cda0ae62215e1682630d1402102575,904.8928558304527
ff31e445073308103f51fd2a13ac27744857dec5b2ef7fd4af4158cbeb4dee69,1469.0446021591804
cee84aa60ead1db07b1e1e1523624ea1656750e412bb1238c08fa758ae00b300,744.2761342072854
d32c90cdfcf110e90efeb69cfd964efb9944c46d341b09ebdf1a4365dea04d60,804.6105800652516
127a75492cb9789a2bcdf8e3cd76a6285a1845421e591be176436764e7d36d79,499.3472690789999
e5d35af8c14578d0936fa781d30f543069ae45d430186fe5a3c2a49c17ba7582,1288.03415833689
149e0eeb0f344cb0bc02429f3e42deb969f9b6f066f706888696830683bcf878,166.3071159330222
035f85ad71723040d8b67aebcb69b65e125502285ef85646bacdffb5a6e6661b,410.1690417930258
e3fd4c9552601749853caf6ff86762d924ac7388f73d49bc7f0fca6c2665fe87,478.2887202963789
27aa63b34e4267a2f1978e71e2279e2216b5b0bcc3646887c2fb7baaa4f5f67d,1136.037439447781
25230cbbfa7e2c62788143c13c1b95da522d17cdab0dec4d78b24ce2f66e87fe,1162.3921939247912
5158cb0d1a0737a4d8a01134d9282cb4315640b61d18ce1620cbed9661dac165,2532.1938613130915
7024cf9c7681eaa747a937d31bfb527d39a27f1d72315118056ac25f4fbd2459,1589.8063713385175
64d55f60102b12e69a449ac6df637f1ac86702ba8a8360ba0a6d0f8e1f18f245,1300.572101358
71e2e5a4da82794d6c896ff596782c30b8c59ef8826e004c1ba5a863b3305381,559.6930511744591
a204aafdb2feb56d70612977f23e143c9a0de9ba5cf5b185a2d3d06ff01b043d,1006.8791045194073
3f9365202762b3916fdde2c02f62e73737b72276fc54a048fd095f75d96802b6,302.4636431810743
ac128a7b5067cd50c27be28a1c0b921335d0da2830b2c3dca26b01b196080d02,394.46398749107647
c1d429b941d49ba0e3cb16a0b865b08873282b3f91847f64e969dd1d9d0db15b,374.6806851666291
ace460efc9922f98d27f5b3170f3b3ceb0dc00d80c5f9191c9064db6c2827d5f,959.9862112874745
032098ff772bdd6dec4e12f1e5958b165b20f88175c4dcb32553a1eae9436f9c,983.6015862214758
15fba2ebd07bddd36c0a4f0ae3b296548b70178fab8a69a83ca83984dcbc9437,796.5161540182092
49d456e0da5ee5ef2a739851b8cd736513277dbb12465a3f87e11cacbadd218c,495.8416944676125
4fc37f4bf5b9cce6849c7b9010ee0df602536d261dee2eee65c1a7b29e3a52f8,1354.9748009129485
feaecdef77bc6540bd87029abad65fdfe20f0817ed79c77e6d51898663951709,1253.6781896728335
5e6cd7c65c58bbf64c30d43271a8f7bfbdb5ab41c17b27ae8219ca906bf237dc,903.4655634016091
d0fd322a17b23d87ddb0372657a4589f464eefe31cfadf185ac556f4de4bdf0a,902.5875561295718
ae4c605c1bf9eee7018c1561fce395197309ce47b0db4477a18b9c65a14eb1a4,1022.7719236421557
0a54c2a44e6c4383c03c1a006c200a21b72ad2609558e43b498ed339c7de6918,879.7149769048201
ad962018c3af1709efd40fb0a83efa422415485cb1a41f31de10e05839fc794e,699.1914618381342
8dad98cd575c610cc8bb144dd57f844340458889b6ad4e0a535bdb545e678461,725.8505288489
534300eaae767f986f36b06a29030ed7030bdf138223f72ab2593afcbc3fefd3,1041.4109659746725
f393535cfac146837036a69b67960a3eb72bb1f1f28feeee96e58910d1d95a31,724.1866963652718
0896ba8de43c112548c1d916939d1176db230c0b8df891a34ed8e7bcb310c7dc,695.6867841828616
30cb6fb6a1eb3ec2f85e2fc784b1d577e285990998f5dbce0d92610bb8afd43e,359.40094125663006
7e78237b1ff08c898450fd627f832a7cf910d9633e053c6c6205f8e5b075f93e,347.7954144153376
d42cd84c969f4b749bfb9e91a53991b62ef2ede42a9ade4d3b4f272a8cb7ef3a,624.2283312301593
3622dde6b753ba6858bd332792ce78d56ff6a9a38242673e219ba85ca05184cc,1485.5636009136647
dc1830662454652437bb6b530a848b9105a8ec85a1a14079fce5e6568107c0f3,1082.7921127576
bfc26727242e108f2047c04b7df5bebe886755539f827338e5bb5927dc5a4c2b,1068.4713683471914
fb9151a94a335e08312e19d7b50a4d274b1bf7e3fe5445fe4edff93348b2eb54,782.0576842713114
23e15879afbbcee43246fe38b27654c4661f75b78eace9ce96d511be01617a96,614.7346019628686
c212d5147947a359d794b9cb7cd19b6d8b5f9d1ee2fcec84883f4d925bfe95c8,496.1395659084106
fb68dd3d755ffdc73172485279683be9692091e93918b7e9e0f0853da017d15a,490.8912116376517
069b41bf41658f2c83cee16ac8a8c7d783afbc8037956f9c5ca14127f1405559,687.5796941973316
0dab1be36c1e92adf43e552e0842a963f846dfe0c6c8455eb0fd0d7b0fa1151e,702.6144120478313
17a339cbbd4eeea4735d623a969660cf74208acb6e496eb4e4dff03125b67af5,410.0550622946477
cf02e372b66b13f0f6099c3db7caec7bdc3fc5033176961bdad30ea6dcf05d7b,1796.1449727719714
a0b9246498afa45a7f471768fb83b1989caee8db3e3c25c81ac64e2434de6abc,283.5618979666714
9ca38bc169969a7313c2f119a6085dfe5d4aa0d74f10dd0c0f455212e34d1e9d,821.2058226731589
b7e79c7a4ce7ebb721eaa48eaeba830d63d4d57a9cfd9701defc0429df1361ab,802.3794351629464
be8bf1037a783967ee7a5ea80d2c70c4b8b5806b53621521d227c25d69056d91,417.1283257457376
e54289b64434af33a209cf22c9fc2c3417bf09bb09778faa553caf25dcfa0680,1257.5031439494874
0bec3a9cc943abeef34ceea4182b3b5c1508bc98f5b270f9d328f96d56fa8a0b,764.795934347307
6c5f0ce59cf323412f9aa0b7edf4d7070fde8c5ed8d983c27bb3f4e4e7eb933b,426.42414088943684
04c8807dcebdfed241fd29540fd02edf6b99fd9b7a4861ee6b13fd2bb38de4c5,1026.1134196416199
b12ad760fffad9a6492e4060d1d7d9feb1bbad0478f187473f68aeeb36d04b4f,386.2664216994281
0a3306325cd6e4edaaa41efff7151a234d4d04d58fd0d9e0a253430ef98e3b9d,1514.6426482380773
f6c0beaba3433728c63f848188f67be8c97baa232c1c0d8c3dcf3f28ffe184ca,1031.4847952041898
8ef3b01c4f96907b70e4288cf6d5a40870b7a3a7e24dbbccc5ced86f1d6085cf,193.48779001947142
ae2f1a127b8c8f0da2863643e502ae9cdcf98dd1027d6f7b3eed58fc55037aef,1570.4038625927378
77ececa0677cd5bc5352ae8b084bc312542107ca7e83a6f5d1e343f8129f8a9d,887.0942527421499
365bd9c9f5145320709e32cf7e007c80735fc10348b71720f5828c2a2ce14835,649.0232285398288
bb06ba6057a5013c343c3f6498466d3aa52f9ab9741a17181a9f6baaac1cb996,1215.5942112959572
35c7a67b39a195cafe0818f04417beecef29189cd2a6b33b1c5b7d7e68c5314d,915.427525568245
99f16fa821231e31895dde0c6594e4429164e6f4f15a15dddf2bb1f297511c37,362.6777047503481
417c03c2231e94dffb8015d42545c498641be4cdc1897e91e56d016a9e9ea797,626.7050398468801
3d1770ae06b6522d45acf8093b2094dbb83a2486c5b98009bb4e50ead4b0ad19,227.2892560605819
866ca1d794bae350b1398c0a6f359c257d80a858967c72379ba491871979ab67,349.6049986010251
42fb3d9fd8f21249ac61c36b15a35fee790c0653bcfc4b88aa800abb1fbe7ea7,305.68977540785176
0412614e43ca8ac904d911b8940003658ac93df95c4a31f7e2121e661ac83ce3,350.9260797006666
9962bde368b67b694a4a29612c198ab6702c3045cb23d635168b5d38e7e62145,765.4441143006363
b10a3e79d292d15da235948b8da1a4f7146cf7860a81f0191fa2fe4868b5b0b3,1177.1633008389704
ee580b1bf41bf5981e1a90603d45ab0b770dfe992e9de09152cd904083ed5aa8,471.76838680087883
88c8c8e7980d969eaca885979b80b5909993753fbc7d1dc8b7ac99082aa4cf97,610.6634356063422
6b0304a4a7824aeadb74a4ea20793de6b4ac6bc57e072b63164655071acf5cf9,549.0502041497881
6c32b391840b7b7426e94e9fbff9de74bbe1f52586d6c8d4015700b87d427ec0,557.81908067315
33d1bcc0f70bdc159043ecc4cd33acc68e73b419390915104e1261b8bbf8a9e5,1003.3014408458606
322703bb5b8902cf364f53ba66357b31b23c1d1037704f1ade85b7e444b955cb,749.6044011492668
5bb8c14b307d8c20aa7b0dad91cf1aba53fd57ef8522ef524c6eddea3cff2b8f,679.7932901335093
a98bc2ac475dc0a9c31579dc1bb48bff2f552ec0494d5acaf9ef23c64ea83f15,411.4750910368285
ead7fd876a4ca9d00aefeec14c4095f85e80f7abaade37aca173d7f81599e2d3,1149.5350136410736
ba91b1b442940a3d5605bf29b3a952f8e9d04308b4032ca5ef6fbe8730292e87,282.2427879783214
e98f4ef0dd48a0e87eea0234b0002b572f6b76ace0f4a47a36a2b8971f193d19,995.6875278829998
c3eac990f327aec67168f0d7b9722317092eb07d1e8e05a91be1dd290846ceb0,1084.4115747979172
c61e05076b2c6962586b5a99065f75d69cdc740efa70e8e203e02a2b9b07bbb8,1260.2151615768807
3edc0fb133f97162c344aeb7a796fcbec8a1aea9385c19232e07e69a9b76223d,955.3763738815876
ee2e80c3947bd611aa0dfbd40026454c60f8f1adeef24eefe0d746118fc3454b,508.81918416947985
6729ff1bfa72d42ca845401aae0e5d537f5664ee30999c7662c4cc7ac7416887,657.1737545412791
4000021fb0092e1c082808d06ef38d747d9a41084245477b1f6d0ab46c45b485,255.94472629315314
bd98e83f2d2401f47415558f9c94b9ff5a4cb95c834bb937eea1a20f8da27c4d,802.7723613781346
700ccf06b3a25d5a5d9b96e11e1e72ca53e0ecab75a00d1787f06975f42cb531,1155.4229694392568
e6d142d5ccf3ce51ec6455e0aa4522786c396d09f677a666cb5c8019506b1fbe,429.59214795695
e14027a3fd5ccb1b4e142b19badb75fbdc68c0cf4d5b4cdbacae1f0ceefe91d5,1780.7417391882516
6c4bfee8cc66b5cea1dfb1b1c5912356318622c49160a93976f179224cd0514e,264.30137930626796
67fa5d46144e9346006ed7fdd855ca291d51e1b6a518a2f02f77da67058a4608,1780.62422565707
6809cdf54456ea5fbc378f4e72307b6f924ca936ccc0ae87b5e3b027965dd77e,2069.6756971157997
9bb4971eec2e6823196c735bfb6973c1f0b297f01ee8693f4819b558d86b9cb7,967.0044730970335
459430e26c2157169c2f854f0123a1b1b889eb2bd295e91cb8adae45e1b91dba,684.014431843663
7db843a6a9e2976110e8925bdcda97a71e1166d0a551220b96c65056dcab792b,758.8030389203902
afe8c0cf8fee93b6185ed90928b1459d2768efb6fff998a9524a26a3f2973735,426.40034365765
5ba46a014c36c0c7180e13b126ece0fad9aabd7b8905cb9554094957ec221457,387.8024344358904
90e24386dddcab94b7c664949f47714b0f1f340186645b5a9a4f7389f9c1f299,355.6019488197889
76d05f5a84a4a658c118e75ab7842d516e1b95e184a1f25d4c3cb5324db1caa1,232.15080430898823
e06b67010998b2c751df438e66f8f0ddf3c55e3e24f7d4ca40c1b2a49c8c9926,783.3415772970086
0cf0f58365e7a208fc11cf9f9380354680e9d6c1e3c4dcedcc18f4ffae9234aa,785.0311129875643
