numberOfPeople,numberOfChildren,squareMeters,homeType,ELECTRIC_VEHICLE,TV,DISH_WASHER,ELECTRIC_HEATING,SAUNA,CABLE_BOX,COFFEE_MACHINE,TUMBLE_DRYER,FREEZER,HOB,WASHING_MACHINE,GAME_CONSOLE,REFRIGERATOR,TOASTER,HOME_BATTERY,MICROWAVE,IRON,GRILL,COMPUTER,OVEN,ELECTRIC_SHOWER,KETTLE,energy
2.0,1.0,102.0,0,0,1,1,1,1,1,1,1,0,1,1,1,1,1,0,1,1,0,0,1,1,0,933.1784018466676
1.0,0.0,54.0,1,0,1,1,0,0,0,0,0,0,1,1,0,0,1,0,0,0,0,1,1,1,0,202.80546158942605
1.0,0.0,65.0,1,0,1,1,0,0,1,1,0,1,1,1,0,1,1,0,1,1,0,1,1,1,0,456.95854829344734
3.0,0.0,120.0,0,0,1,1,0,0,1,0,0,1,1,1,1,1,0,0,1,1,0,1,1,1,0,859.96933482912
1.0,0.0,70.0,1,0,2,1,1,0,2,1,0,0,1,1,1,0,1,1,1,0,0,1,1,1,0,347.7954144153376
1.0,0.0,100.0,0,1,1,0,1,0,1,1,0,1,1,1,1,1,0,0,1,1,1,1,1,1,0,566.19501418803
4.0,2.0,144.0,1,0,2,1,0,0,1,1,1,1,1,1,0,1,1,0,1,1,0,1,1,1,1,1238.22170513175
4.0,1.0,120.0,0,0,1,1,0,0,1,1,1,0,1,1,1,0,1,0,1,1,0,1,1,1,1,1044.731466265922
4.0,1.0,135.0,0,0,1,1,0,0,1,1,1,1,1,1,1,1,1,0,1,1,0,1,1,1,0,1095.80214592966
2.0,0.0,100.0,0,0,1,1,0,0,1,1,0,0,1,1,0,1,1,0,1,0,0,0,3,1,0,1390.2462670840202
4.0,2.0,90.0,1,0,1,1,0,0,0,0,0,0,1,1,0,1,0,0,1,0,0,0,0,1,0,1002.6258904401088
1.0,1.0,120.0,0,0,1,1,0,0,1,1,1,0,1,1,1,1,1,0,1,1,0,1,1,1,1,1006.8791045194072
4.0,2.0,100.0,1,0,1,1,0,0,1,0,1,1,1,1,1,1,1,0,1,1,0,1,1,1,0,1031.75283892415
5.0,3.0,79.0,1,0,2,1,0,0,1,1,0,0,1,1,0,0,1,0,1,0,0,1,1,1,0,379.4205114384789
2.0,0.0,86.0,1,0,1,1,0,0,0,1,0,1,1,1,0,1,1,0,1,1,1,1,1,1,1,687.5796941973316
4.0,2.0,65.0,1,0,1,1,0,0,0,0,0,0,1,1,1,0,1,0,1,1,1,1,1,1,0,362.6652828565962
4.0,2.0,105.0,1,0,1,1,0,0,1,1,0,0,0,1,0,0,0,0,0,1,0,0,0,1,0,504.6752902009801
3.0,1.0,140.0,0,0,3,1,0,0,0,1,1,1,1,1,1,1,1,0,1,1,0,0,1,1,0,983.2687385953844
3.0,1.0,140.0,0,0,1,1,0,0,1,1,1,0,1,1,1,1,1,0,1,1,0,1,1,1,0,922.1683236424713
7.0,2.0,200.0,0,0,3,2,0,0,0,1,2,1,2,2,2,1,1,0,1,1,0,1,2,2,0,1260.2151615768807
2.0,0.0,100.0,0,0,1,1,0,0,1,1,0,0,1,0,1,1,1,0,1,0,0,0,1,1,0,462.3410200352999
2.0,0.0,125.0,0,0,2,1,1,0,2,1,1,2,1,1,0,2,1,0,1,1,1,1,1,1,0,697.5989134186334
5.0,2.0,240.0,0,0,6,1,1,0,0,1,1,2,2,1,3,0,2,1,2,1,0,2,3,2,0,1686.3679041183
4.0,2.0,200.0,0,0,2,1,0,0,1,1,0,1,1,1,2,1,0,0,1,0,0,0,1,1,0,749.4114948086834
3.0,2.0,90.0,1,0,1,1,0,0,0,1,1,0,1,1,1,0,0,0,1,0,0,1,1,1,0,345.674442690587
1.0,0.0,51.0,1,0,1,0,0,0,1,1,1,0,1,1,0,0,1,0,1,0,1,1,1,1,1,602.8661271243317
2.0,0.0,109.48771266540643,1,0,1,1,1,0,1,1,0,0,1,0,1,0,1,0,1,0,1,1,1,1,1,619.12974810288
2.0,0.0,68.0,1,0,1,1,0,0,1,1,1,0,1,1,0,0,1,0,1,1,1,1,1,1,0,499.3472690789999
1.0,0.0,33.0,1,0,1,1,0,0,0,1,1,0,1,1,3,0,1,0,1,1,1,1,1,1,0,260.2650365651876
2.0,0.0,76.0,1,0,1,1,0,0,1,1,1,0,1,1,0,0,0,0,1,1,0,1,1,1,0,433.61796001845
3.0,0.0,95.0,1,0,1,1,0,0,1,0,1,1,1,1,1,1,1,0,0,1,0,1,1,1,0,1177.643231211433
2.0,0.0,120.0,1,0,1,1,0,0,1,0,1,0,1,1,0,1,1,0,1,1,0,1,1,1,0,866.1868760719
1.0,0.0,90.0,0,0,1,1,0,0,1,0,1,1,1,1,0,0,1,0,1,1,1,1,1,1,1,856.7292778985794
2.0,0.0,200.0,0,0,1,1,0,1,1,1,1,1,1,1,0,1,1,0,1,1,0,1,1,1,0,1085.1761532962998
2.0,0.0,88.0,1,0,2,1,0,0,1,1,1,1,1,1,0,0,1,0,1,1,1,1,1,1,0,760.6673153454873
3.0,1.0,72.0,1,0,1,1,0,0,0,1,1,0,1,1,1,0,1,0,1,1,0,1,1,1,0,756.6826532914499
1.0,0.0,75.0,1,0,1,1,0,0,1,1,0,0,1,1,1,0,1,0,0,1,0,1,1,1,0,729.7876792520099
1.0,0.0,60.0,0,1,1,1,0,0,1,1,1,0,1,1,0,0,0,0,1,1,0,0,1,1,0,280.2120495287527
2.0,0.0,140.0,1,0,1,1,0,0,0,1,0,1,1,1,0,1,1,0,0,1,0,0,1,1,0,813.2347370123063
2.0,0.0,75.0,1,0,1,1,0,0,0,0,0,0,1,1,0,0,1,0,1,1,1,1,1,1,1,434.7054361260677
3.0,0.0,130.0,1,0,3,1,1,0,2,1,1,1,1,1,0,1,1,0,1,1,0,1,1,1,0,1255.2437434535098
2.0,0.0,95.0,1,0,2,1,2,0,3,1,0,0,1,1,0,0,1,0,1,1,1,1,2,1,0,1217.1920175445
3.0,1.0,86.0,0,0,1,1,0,0,1,1,1,0,1,1,1,0,1,0,1,1,0,1,1,1,0,602.1825902043579
2.0,0.0,56.0,1,0,1,0,0,0,1,1,0,0,1,1,1,0,1,0,1,0,1,1,1,1,0,446.0308974330257
1.0,0.0,54.0,1,0,1,1,0,0,0,1,1,0,1,1,0,0,1,0,1,1,0,1,2,1,0,443.3051797410096
7.0,3.0,220.0,1,0,3,2,0,0,3,1,1,2,3,2,2,0,2,0,2,0,1,1,2,3,0,1780.7417391882516
2.0,0.0,160.0,0,0,1,1,0,0,0,1,0,1,1,2,0,2,1,0,1,1,0,1,1,1,0,785.9214588998999
2.0,1.0,69.0,1,0,2,1,0,0,1,1,1,0,1,1,1,1,0,0,1,1,1,1,1,1,0,376.85115488257503
1.0,0.0,34.0,1,0,1,1,0,0,0,0,0,0,1,1,0,0,1,0,1,0,0,1,1,1,0,351.90407261476946
3.0,1.0,150.0,0,0,1,1,1,0,0,1,1,0,1,1,0,1,0,0,1,1,0,1,1,1,0,638.7696209062501
3.0,1.0,80.0,1,0,1,1,0,0,0,1,1,0,0,1,1,0,1,0,1,0,1,1,1,1,0,898.6127068492312
3.0,1.0,125.0,0,0,3,1,0,0,3,1,1,0,1,1,2,1,1,0,1,0,0,1,2,1,0,1114.319974227384
3.0,1.0,220.0,0,1,1,1,0,0,1,1,1,1,1,1,1,1,1,0,0,1,0,1,2,1,0,1231.8769685996128
3.0,0.0,180.0,0,0,2,2,0,0,1,1,1,1,2,1,1,2,1,0,1,1,1,2,1,1,0,1422.6030150127765
1.0,0.0,65.0,1,0,1,1,0,0,1,0,0,0,1,1,1,1,1,0,1,0,0,1,1,1,0,253.42661419485
2.0,0.0,140.0,0,0,3,1,0,0,3,1,1,0,1,1,1,0,1,0,0,1,0,1,0,1,0,1150.1739403029346
4.0,0.0,100.0,1,0,1,1,2,0,0,1,0,1,1,1,0,1,1,0,0,1,0,1,4,1,1,600.6421072943851
2.0,0.0,150.0,0,0,2,1,0,0,0,1,1,1,1,0,0,0,1,0,1,1,0,1,1,0,0,730.9095178254751
2.0,0.0,140.0,1,0,3,1,0,0,0,0,0,0,1,1,1,1,1,0,1,1,0,1,1,1,0,908.92951238466
2.0,1.0,81.0,1,0,1,1,0,0,1,0,1,0,0,1,1,0,0,0,0,1,0,1,1,1,0,708.9893803385125
4.0,2.0,350.0,0,0,3,2,0,1,1,1,1,1,1,1,0,1,1,1,0,1,0,1,2,1,0,2120.2852846699
1.0,0.0,76.0,1,0,1,0,0,0,0,1,0,0,1,1,1,0,1,0,1,1,0,1,1,1,0,278.73228653891147
5.0,0.0,140.0,1,0,4,1,0,0,0,1,1,0,0,1,1,0,1,0,1,1,0,1,5,1,0,1120.2057122332042
1.0,0.0,50.0,1,0,2,1,0,0,1,1,1,0,1,1,1,0,1,0,0,1,0,1,1,1,0,261.28743831494114
1.0,0.0,100.0,1,0,1,1,0,0,1,1,1,1,1,1,1,1,0,0,1,1,0,1,2,1,1,508.8191841694799
1.0,0.0,77.0,1,0,3,1,0,0,3,1,0,0,1,1,0,1,1,0,0,1,0,1,1,1,0,624.2283312301593
1.0,0.0,75.0,1,0,1,1,0,0,1,0,0,0,0,1,0,0,1,0,0,0,0,1,1,1,0,242.9192910607147
5.0,3.0,100.0,0,0,1,1,2,0,0,1,0,1,1,1,0,0,1,0,1,0,0,1,1,1,0,663.1061713570589
2.0,0.0,210.0,0,0,1,1,0,0,1,1,1,1,1,1,0,1,1,1,1,1,0,1,1,1,0,1653.7048939551746
4.0,2.0,150.0,0,0,1,1,0,0,1,1,0,0,1,1,1,0,1,0,1,1,0,1,1,1,0,484.9381458926538
1.0,0.0,69.0,1,0,2,1,0,0,1,1,1,0,1,1,1,0,0,0,0,0,1,1,0,1,0,547.6052141722001
2.0,0.0,62.0,1,0,2,1,0,0,1,1,1,0,1,1,1,0,1,0,1,0,0,1,1,1,1,821.2058226731589
4.0,0.0,138.0,0,0,1,1,0,0,1,0,1,1,1,1,1,1,1,0,1,1,0,1,1,1,0,1278.8321692794443
4.0,2.0,96.0,1,0,2,1,0,0,1,1,1,1,1,1,0,1,1,0,1,1,1,1,1,1,1,660.4998240265687
2.0,0.0,65.0,1,0,2,1,0,0,0,1,1,0,1,1,0,0,1,0,1,0,0,1,2,1,1,1162.3921939247912
1.0,0.0,42.0,1,0,1,0,0,0,1,0,0,0,1,1,0,1,1,0,1,0,0,1,0,1,0,228.5402468628714
2.0,0.0,80.0,1,0,1,1,0,0,1,0,1,0,1,1,1,0,1,0,1,1,0,1,2,1,0,355.31622590336667
2.0,0.0,125.0,0,0,4,1,0,0,4,1,1,0,1,1,0,0,1,0,1,0,0,0,1,1,0,793.945228381392
1.0,0.0,109.48771266540643,0,0,3,1,0,0,0,1,0,0,1,1,1,0,1,0,1,1,0,1,1,1,0,486.4990288277874
2.0,0.0,26.0,0,0,0,1,0,0,0,1,1,0,1,1,0,0,0,0,0,0,0,1,0,1,0,387.2060618405751
3.0,0.0,240.0,1,0,2,1,1,0,0,2,2,1,0,2,0,1,1,0,2,1,0,2,0,2,0,1010.87797454655
3.0,1.0,40.0,1,0,1,1,0,0,0,0,1,1,1,1,0,1,1,0,1,1,1,1,3,1,0,600.6424076679353
2.0,0.0,80.0,1,1,2,1,1,0,2,2,0,1,1,1,1,1,0,0,1,0,0,1,0,1,0,524.8991464125693
4.0,1.0,21.0,1,0,3,1,0,0,1,1,1,1,1,1,0,1,1,0,1,1,0,1,1,1,0,1076.034036242804
2.0,0.0,88.0,1,0,2,1,0,0,1,1,1,0,1,1,2,0,1,0,1,1,2,1,2,1,0,549.3087333029857
2.0,1.0,45.0,1,0,1,0,0,0,0,0,1,0,1,1,1,0,0,0,1,1,0,1,1,1,0,250.91414742480967
1.0,0.0,90.0,1,0,1,1,0,0,0,1,1,0,1,1,0,0,0,0,1,0,0,0,1,1,0,215.68677200260288
1.0,0.0,76.0,1,0,2,1,0,0,2,1,1,0,1,1,0,0,1,0,0,0,0,0,1,1,0,561.8442282467046
2.0,0.0,75.0,1,0,2,1,0,0,2,0,0,0,1,1,1,0,0,0,1,1,0,1,2,1,0,286.32823398578
1.0,0.0,60.0,1,0,1,1,0,0,1,1,0,0,1,1,0,0,0,0,1,1,0,1,1,1,1,714.23694269915
1.0,0.0,60.0,1,0,1,1,0,0,0,1,0,0,1,1,0,0,1,1,1,0,1,1,1,1,1,321.5667150914857
2.0,0.0,87.0,1,0,1,1,0,0,0,1,0,0,1,1,0,0,0,0,1,1,0,1,1,1,0,531.4733884161751
2.0,0.0,110.0,1,0,2,1,1,0,1,1,0,0,1,0,1,1,1,0,1,1,0,1,1,1,0,743.0888047647704
2.0,0.0,100.0,0,1,2,1,0,0,0,1,0,1,1,1,0,0,1,0,1,1,0,0,0,1,0,900.5802134048228
2.0,0.0,65.0,1,0,1,1,0,0,0,0,1,0,1,1,0,1,0,0,1,1,0,1,1,1,1,536.0075522321841
5.0,3.0,195.0,0,0,1,1,0,0,1,1,1,1,1,1,1,1,1,0,1,1,0,1,1,1,1,1034.2216202376676
4.0,2.0,90.0,1,0,1,1,0,0,0,0,0,0,0,1,0,0,1,0,1,1,0,1,2,0,1,858.0081574883001
3.0,1.0,185.0,0,0,1,1,0,0,0,1,1,0,1,1,0,1,1,0,1,1,0,1,1,1,0,614.7346019628686
8.0,0.0,109.48771266540643,1,0,1,0,0,0,0,0,0,0,1,1,0,1,1,0,0,1,0,1,0,1,0,186.71062018297147
3.0,1.0,120.0,0,0,1,1,0,0,0,1,1,1,1,1,1,1,0,0,1,1,0,0,1,1,0,1012.1808763806292
2.0,0.0,96.0,1,0,1,1,0,0,1,1,0,1,1,1,0,0,0,0,1,1,0,1,0,1,1,657.1737545412791
2.0,0.0,60.0,1,0,1,1,0,0,1,1,1,0,1,1,1,0,1,0,1,0,1,1,1,1,0,805.9641136186393
2.0,0.0,90.0,1,0,3,1,4,0,1,1,0,1,1,0,0,0,1,0,1,0,0,0,1,1,0,715.5468963413516
5.0,3.0,195.0,0,0,1,1,0,0,0,1,0,1,1,1,0,0,1,0,1,0,0,0,1,1,0,737.456834875394
1.0,0.0,80.0,1,0,1,1,0,0,1,1,0,0,1,1,1,0,1,0,1,0,0,1,0,1,0,252.6301395473045
2.0,0.0,109.48771266540643,1,0,1,1,0,0,0,1,0,0,1,1,0,0,1,0,0,1,0,1,1,1,0,420.7538752056751
4.0,2.0,99.0,1,0,1,1,0,0,0,1,1,0,1,1,0,0,0,0,1,1,1,0,0,1,0,633.729596677395
2.0,0.0,75.0,1,0,3,1,0,0,0,1,1,0,1,1,0,0,1,0,1,0,0,1,1,1,1,784.2363328854194
2.0,0.0,62.0,1,0,1,1,0,0,1,0,1,1,0,1,1,1,1,0,0,0,1,1,1,1,0,694.5084690086824
3.0,0.0,70.0,0,0,2,1,0,0,1,1,0,1,1,1,1,1,1,0,1,1,1,1,1,1,1,658.50807759285
2.0,1.0,59.0,1,0,1,1,0,0,1,1,1,0,1,1,1,0,1,0,1,1,0,1,0,1,0,645.2830387184883
1.0,0.0,86.0,1,0,1,1,0,0,0,1,1,0,1,1,0,0,1,0,1,1,0,1,1,1,1,631.6854119972062
2.0,0.0,75.0,1,0,1,1,0,0,1,1,1,1,1,1,0,0,1,0,1,0,1,1,1,1,0,872.7754068291514
2.0,0.0,96.0,1,0,1,1,0,0,1,1,1,0,1,1,0,0,1,0,1,1,0,1,1,1,0,787.3411489573315
1.0,1.0,105.0,0,0,1,1,0,0,0,0,0,0,1,1,0,1,0,0,1,0,0,1,0,1,1,216.71716041891668
1.0,0.0,70.0,1,0,2,1,0,0,1,1,1,1,1,1,1,1,0,0,1,0,0,1,1,1,0,459.8213573364
1.0,0.0,41.0,1,1,1,0,0,0,0,0,1,0,0,1,0,1,1,0,1,1,0,1,1,1,0,235.90127693306567
3.0,0.0,100.0,0,0,1,1,0,0,1,1,1,1,1,1,0,1,1,0,1,1,1,1,1,1,0,667.4087493357188
8.0,7.0,289.0,1,0,4,1,0,1,2,1,1,1,1,1,0,1,1,0,1,1,1,1,3,1,0,918.0454738154212
1.0,0.0,150.0,0,0,1,1,0,0,1,1,1,1,1,1,1,1,1,0,0,1,0,1,2,1,0,1164.298924817055
5.0,3.0,78.0,1,0,3,1,0,0,2,2,1,0,1,1,2,0,1,0,1,0,1,1,2,1,1,1458.8174012183113
2.0,0.0,112.0,1,0,3,1,0,0,1,1,1,0,1,1,1,0,1,0,1,1,0,0,0,1,0,802.6493247956896
4.0,2.0,150.0,1,0,1,1,0,0,1,1,0,0,1,0,1,0,1,0,1,0,0,1,1,1,0,749.6044011492668
2.0,0.0,55.0,1,0,1,0,0,0,1,1,0,0,1,1,1,1,1,0,0,1,1,1,1,1,0,533.586385549095
4.0,2.0,142.0,0,0,3,1,0,0,2,1,1,0,1,1,2,2,0,0,1,1,0,1,1,1,0,2069.6756971158
1.0,0.0,68.0,1,0,1,1,0,0,0,1,1,0,1,1,0,0,1,0,1,0,0,1,2,0,0,337.35405358503004
1.0,0.0,90.0,1,0,1,1,0,0,1,1,0,0,1,1,1,0,1,0,1,0,0,1,1,1,0,231.9379900055
2.0,0.0,120.0,1,0,1,1,0,0,0,1,1,0,1,1,0,0,1,0,1,0,0,1,1,1,1,887.0942527421499
5.0,3.0,180.0,0,0,1,1,0,0,1,0,1,1,1,1,0,1,1,0,0,0,0,1,1,1,0,1026.9563037365842
4.0,3.0,140.0,0,0,0,1,0,0,0,0,1,0,1,1,0,0,1,0,0,1,0,0,2,1,0,894.2409045967764
2.0,0.0,85.0,1,0,1,1,0,0,0,0,1,0,1,1,3,0,1,0,1,1,0,1,1,1,0,938.4752332703824
3.0,1.0,140.0,0,0,1,1,0,1,1,1,1,1,1,1,0,1,1,0,1,1,0,1,1,1,0,1214.759265085122
1.0,0.0,109.48771266540643,1,0,1,1,0,0,0,1,0,0,1,1,0,1,1,0,0,1,0,1,0,1,0,500.18862086575
2.0,0.0,68.0,1,0,1,0,0,0,1,1,1,0,1,1,1,0,1,0,1,1,0,0,1,1,0,558.5543467103907
4.0,0.0,140.0,0,0,4,1,0,0,0,1,1,0,1,1,1,1,1,0,1,1,0,1,3,1,1,1253.6781896728337
3.0,1.0,98.0,1,0,4,1,0,0,1,1,1,1,1,1,0,0,1,1,1,1,0,1,3,1,0,952.8048431261532
4.0,2.0,120.0,0,0,1,1,0,0,1,0,1,0,1,1,1,0,1,0,1,1,0,1,0,1,0,679.7932901335093
4.0,2.0,78.0,1,0,4,1,0,0,2,1,0,0,1,1,1,0,0,0,1,0,0,1,1,1,1,857.20139555045
2.0,0.0,110.0,0,0,2,1,0,0,1,1,1,0,1,1,2,0,1,0,1,1,1,0,2,1,0,796.5161540182092
2.0,0.0,120.0,0,0,1,1,0,0,0,1,1,0,1,1,0,0,1,0,1,1,0,1,1,1,0,842.5791503607655
4.0,2.0,120.0,0,0,1,1,0,0,0,0,1,1,1,1,1,1,1,0,1,0,0,1,1,1,0,828.0356828700315
2.0,0.0,85.0,1,1,1,1,1,0,1,1,1,1,1,1,0,0,1,0,1,0,0,1,1,1,0,464.4856365533062
1.0,0.0,65.0,1,0,1,0,0,0,1,1,0,0,1,1,0,1,0,0,1,0,0,1,1,1,0,1047.6734154174376
2.0,0.0,240.0,0,0,1,1,0,1,1,2,1,1,1,1,0,1,0,0,1,0,0,1,2,1,0,1367.31259097189
2.0,0.0,93.0,1,0,1,1,0,0,0,1,1,0,1,1,3,0,1,0,0,1,1,1,2,1,2,805.2569139209202
2.0,0.0,130.0,1,0,3,1,0,0,1,1,1,1,1,1,2,1,1,0,1,1,0,1,2,1,0,678.254772567711
1.0,0.0,75.0,1,0,1,0,0,0,1,0,0,0,1,1,0,0,1,0,0,1,0,1,1,1,0,805.2569139209202
4.0,0.0,350.0,0,0,3,1,0,0,1,1,1,0,1,2,2,0,1,0,1,1,0,1,2,1,0,1123.2892348268251
5.0,2.0,92.0,1,0,5,1,0,0,1,1,1,0,1,1,1,0,1,0,1,2,1,1,2,1,0,1076.4409124959
2.0,0.0,156.0,0,1,1,1,0,0,1,0,1,0,1,1,1,0,1,0,1,1,0,1,1,1,0,1656.5435509130482
1.0,0.0,58.0,1,0,2,1,0,0,1,1,1,0,1,1,1,0,1,0,1,1,0,1,0,1,0,502.88259167622
2.0,0.0,109.48771266540643,1,0,1,1,0,0,0,0,0,1,1,0,0,1,0,0,1,1,0,1,0,1,1,395.29840463086873
1.0,0.0,60.0,1,0,1,0,0,0,0,0,0,1,1,1,0,1,0,0,0,0,0,0,1,1,0,265.57194083447496
2.0,2.0,120.0,1,0,1,1,0,0,1,1,0,2,1,1,0,2,1,0,1,1,0,1,2,1,0,1006.4408042090176
2.0,0.0,140.0,0,0,3,1,1,0,1,1,1,0,1,1,2,0,1,1,1,1,1,1,1,1,0,823.37116310657
1.0,0.0,90.0,1,0,1,1,0,0,0,1,0,0,1,1,0,0,1,0,1,1,0,1,1,1,1,557.8121813893249
4.0,3.0,90.0,1,0,1,1,0,0,1,1,0,0,1,0,1,0,1,0,1,1,0,1,1,1,0,1003.3014408458606
2.0,0.0,58.0,1,0,1,0,0,0,1,1,1,1,1,1,0,1,1,0,1,1,0,0,0,1,0,379.3170508500097
3.0,1.0,180.0,0,0,4,1,1,0,1,1,1,1,1,1,1,1,1,0,1,1,0,1,3,1,0,1026.11341964162
1.0,0.0,120.0,1,0,1,1,0,0,0,0,1,0,1,1,0,0,1,0,1,1,0,1,1,1,0,578.19025332108
7.0,3.0,200.0,0,1,4,2,0,0,1,1,2,2,2,2,0,3,2,0,2,1,1,1,1,2,0,1992.7548377869605
4.0,0.0,100.0,0,0,4,1,0,0,3,1,1,1,0,1,3,2,1,0,1,0,0,1,4,1,0,1563.4834010997606
2.0,0.0,140.0,0,0,1,1,0,0,0,1,1,0,1,1,0,1,0,0,1,1,0,1,1,1,0,707.6570800725281
3.0,1.0,75.0,1,0,2,1,0,0,1,1,1,0,1,1,0,2,0,0,1,1,0,1,1,1,0,1578.3308666402809
1.0,0.0,48.0,1,0,1,1,0,0,1,1,1,0,1,1,1,1,1,0,1,1,1,1,1,0,1,488.1091239281438
3.0,1.0,150.0,1,0,1,1,0,0,1,1,1,0,1,1,0,1,1,0,1,1,0,0,0,1,0,809.6158624412479
2.0,0.0,100.0,0,0,3,2,0,0,1,2,2,2,2,2,0,2,1,0,1,2,0,1,1,2,1,1541.749731839893
2.0,0.0,79.0,1,0,3,1,0,0,0,1,1,1,0,1,0,1,1,0,1,1,1,1,1,1,1,988.9292486473288
4.0,2.0,115.0,0,0,1,1,0,0,1,0,0,0,1,1,1,0,0,0,0,1,0,1,1,1,0,765.5974621120273
3.0,1.0,140.0,0,0,1,1,1,0,1,1,1,0,1,1,0,0,1,0,1,0,0,1,0,1,0,607.0571591194835
3.0,0.0,110.0,0,0,3,1,0,0,3,1,1,1,1,1,1,1,1,0,1,1,1,1,3,1,0,1517.293798744256
1.0,0.0,70.0,0,0,1,0,1,0,1,0,1,0,1,1,0,0,0,0,0,1,0,1,1,1,1,1299.1142710014124
2.0,0.0,120.0,0,0,3,1,2,0,1,1,1,1,1,1,2,1,1,0,1,1,0,1,0,1,0,843.400659145593
3.0,0.0,164.0,0,0,1,1,0,0,1,0,1,1,1,1,0,1,1,0,1,1,0,1,1,1,0,1136.037439447781
2.0,0.0,135.0,0,0,2,1,0,0,1,1,1,1,1,1,0,1,1,0,1,1,0,0,0,0,0,652.4933347181711
2.0,0.0,76.0,0,0,1,1,0,0,1,0,1,0,1,1,0,0,1,0,0,1,0,1,1,1,0,121.77756045885
3.0,1.0,100.0,1,0,2,1,0,0,2,1,1,0,1,1,1,0,0,0,1,0,0,1,0,1,0,659.8293061123861
2.0,0.0,100.0,0,0,2,1,1,0,1,1,0,1,1,1,0,0,1,0,1,1,0,1,1,1,0,446.7480063486
1.0,0.0,37.0,1,0,1,0,0,0,0,0,0,0,1,1,0,0,1,0,0,0,0,1,2,1,1,259.4631460063345
3.0,1.0,82.0,1,0,1,1,0,0,0,0,1,0,1,1,1,0,0,0,1,1,0,1,1,1,0,720.5541636103715
3.0,1.0,125.0,1,0,1,1,2,0,1,1,0,0,1,1,1,1,1,0,1,1,0,1,1,1,0,707.2542937327651
5.0,3.0,180.0,0,0,1,1,0,0,1,1,1,0,1,1,0,0,0,0,0,1,0,1,1,1,0,888.0671079201619
5.0,1.0,73.0,1,0,2,1,0,0,0,1,1,0,1,1,3,0,1,0,1,0,0,1,4,1,0,1551.645537911779
3.0,1.0,104.0,0,0,1,1,0,0,1,0,1,1,1,1,0,1,1,0,1,1,0,0,1,1,0,702.6144120478313
4.0,2.0,130.0,1,0,1,1,0,0,0,0,1,0,0,1,0,0,0,0,1,1,0,1,1,1,0,665.1534848523136
4.0,2.0,200.0,0,0,1,1,0,0,1,1,1,1,1,1,0,1,0,0,1,1,0,1,1,1,0,925.050126269044
2.0,0.0,125.0,0,0,1,1,0,0,1,1,1,0,1,1,1,0,1,0,0,0,0,1,1,1,0,664.1104007673455
6.0,4.0,160.0,0,0,1,1,0,0,0,0,1,1,1,1,1,0,1,0,1,1,0,1,2,1,0,1077.4515161006912
2.0,0.0,53.0,1,0,1,1,0,0,0,1,0,0,1,1,0,0,1,0,1,0,1,1,0,1,0,339.77301993073644
4.0,2.0,125.0,0,0,1,1,0,0,1,1,1,1,1,1,1,0,1,0,1,1,0,1,1,1,0,1177.1633008389704
2.0,0.0,76.0,1,0,1,0,0,0,1,1,0,1,1,1,0,1,1,0,1,1,1,1,1,1,0,465.4391105306556
4.0,2.0,190.0,0,0,1,1,0,0,1,1,1,1,1,1,0,1,1,0,1,1,0,0,1,1,0,692.7747993114388
3.0,1.0,80.0,1,0,1,1,0,0,0,0,0,0,1,1,2,0,1,0,1,0,1,1,2,1,0,660.7942117588927
2.0,0.0,120.0,0,0,3,1,0,0,0,1,1,1,1,1,1,0,1,0,1,1,0,1,2,1,0,865.9654744016194
3.0,1.0,109.48771266540643,0,0,3,1,0,0,2,1,1,1,1,2,2,1,1,0,1,1,0,1,1,1,0,1591.87882398765
3.0,0.0,83.0,1,0,1,1,0,0,1,0,1,1,1,1,1,1,0,0,1,1,1,1,1,1,1,1178.7665718823098
2.0,0.0,100.0,0,0,2,1,0,0,1,1,1,1,1,1,0,1,1,0,1,1,1,0,1,1,0,690.3229306622646
1.0,0.0,50.0,1,0,2,0,1,0,1,0,0,0,1,1,1,0,0,0,0,0,0,0,1,1,0,435.286862085525
3.0,1.0,110.0,0,0,1,1,0,0,1,1,0,1,1,1,1,2,1,0,1,1,1,1,1,1,1,922.309948464144
4.0,2.0,100.0,0,0,1,1,0,0,1,0,1,1,1,1,0,0,0,0,0,1,0,0,1,1,0,578.2572693346234
5.0,3.0,134.0,0,0,0,1,0,0,0,1,1,0,1,1,0,0,1,0,1,1,0,1,0,1,0,775.0546395097286
3.0,0.0,80.0,1,0,3,1,0,0,3,1,0,1,1,1,2,0,1,0,1,1,0,1,1,1,1,1174.6948462036837
2.0,0.0,135.0,0,0,2,1,0,1,0,1,0,1,1,1,0,1,1,0,1,1,0,1,1,0,0,1230.0781243977417
3.0,1.0,110.0,0,0,1,1,1,0,1,1,1,1,1,1,0,1,1,0,1,1,0,1,1,1,0,601.44422704952
2.0,0.0,70.0,0,0,1,1,1,0,1,1,0,0,1,1,0,0,1,1,1,1,0,1,1,1,1,581.1787352213793
2.0,0.0,160.0,0,0,1,1,0,0,1,0,1,1,1,1,0,1,1,0,0,1,0,1,1,1,0,958.9169425763998
4.0,1.0,160.0,1,0,1,1,0,0,1,0,1,0,1,1,1,1,1,0,1,0,0,1,1,1,1,1417.87284311736
2.0,0.0,80.0,1,0,1,1,0,0,0,1,1,1,1,1,1,1,1,0,1,1,0,1,2,1,1,955.3763738815876
3.0,0.0,75.0,1,0,3,1,0,0,1,1,1,0,0,1,0,0,1,0,1,1,1,1,1,1,0,924.075457574338
2.0,0.0,100.0,0,0,2,1,0,0,1,1,1,1,1,1,0,1,1,0,1,1,1,1,1,1,0,628.8627696289941
4.0,2.0,250.0,0,0,2,1,0,0,1,2,0,1,1,1,1,1,1,0,1,1,0,1,1,1,0,1051.0804619972844
4.0,0.0,196.0,0,1,3,1,2,0,3,1,0,0,1,1,2,1,1,0,1,1,0,1,2,1,0,1803.5806446854224
3.0,1.0,79.0,1,0,3,1,0,0,1,1,0,1,1,1,1,0,1,0,1,1,1,1,1,1,0,574.8321416667657
1.0,0.0,110.0,0,0,2,1,0,0,0,1,1,1,1,1,0,1,1,0,1,1,0,1,1,1,1,583.8766719562601
2.0,0.0,109.48771266540643,0,0,4,1,0,0,0,1,0,0,1,2,1,0,1,0,1,1,0,1,1,1,1,1982.4084131589616
2.0,0.0,60.0,1,0,0,1,0,0,0,0,0,0,1,1,0,0,1,0,1,1,0,1,2,1,0,304.88458913825
5.0,3.0,100.0,0,0,1,1,0,0,0,0,1,0,1,1,1,1,1,0,1,1,0,1,1,1,1,811.7459722587188
4.0,2.0,160.0,0,0,0,1,0,0,0,1,1,0,1,1,0,1,1,0,1,1,0,1,1,1,0,893.4196113887502
3.0,1.0,70.0,1,0,2,1,1,0,0,1,1,1,1,1,1,1,0,0,1,1,1,1,1,1,0,454.0700432185941
1.0,0.0,80.0,1,0,1,1,0,0,1,0,1,0,1,1,0,0,1,0,1,1,0,0,0,1,1,853.6400301710039
2.0,0.0,109.48771266540643,1,0,1,1,0,0,0,0,0,0,1,1,0,0,1,0,0,0,0,1,2,1,1,746.2331555103195
4.0,1.0,250.0,1,0,3,1,0,0,1,2,1,0,2,1,2,2,1,0,2,0,0,2,2,2,0,1549.7879136211166
2.0,0.0,84.0,1,0,2,1,0,0,1,1,1,0,1,1,0,0,1,0,1,1,0,1,2,1,0,765.9753219535601
1.0,0.0,45.0,1,0,0,0,0,0,1,0,0,0,0,0,0,0,0,0,0,0,0,0,0,0,0,112.016014964136
4.0,2.0,112.0,1,0,1,1,0,0,1,1,0,1,1,1,1,1,1,0,1,1,0,1,1,1,0,781.4100085994439
1.0,0.0,60.0,1,0,1,0,0,0,1,1,0,0,1,1,1,0,1,0,1,1,1,1,2,1,0,268.64222062047503
4.0,2.0,120.0,0,0,2,1,0,0,1,0,1,1,1,1,1,1,1,0,1,1,0,1,1,1,0,950.747326512441
2.0,0.0,80.0,1,0,1,0,0,0,1,0,0,0,1,1,0,0,1,0,1,1,0,1,1,1,1,946.595282868408
2.0,0.0,70.0,1,0,1,1,0,0,1,0,0,0,1,0,0,0,0,0,1,1,0,1,1,1,0,761.2849541684893
3.0,1.0,150.0,0,0,1,1,0,0,0,2,1,1,1,1,0,1,1,0,1,1,0,1,1,1,0,966.1666776744536
3.0,0.0,240.0,0,0,1,1,0,0,1,0,0,1,1,1,0,0,1,0,1,0,0,1,0,1,0,937.2703868001844
4.0,2.0,90.0,1,0,1,1,0,0,0,1,1,0,1,1,1,0,1,0,1,1,0,1,1,1,1,794.261724471465
1.0,0.0,58.0,1,0,1,0,0,0,1,1,1,0,1,1,0,0,1,0,1,1,0,1,1,1,0,315.99467130666
3.0,1.0,120.0,0,0,1,1,0,0,0,1,1,0,1,1,1,0,1,0,1,0,0,1,1,1,0,978.2108325265876
2.0,0.0,120.0,0,0,1,1,0,0,1,1,0,1,1,1,1,0,1,0,1,0,0,1,1,1,0,681.4300497428069
3.0,1.0,100.0,1,0,1,1,0,0,0,1,1,0,0,1,0,0,1,0,1,1,0,1,1,1,0,673.5531740262176
1.0,0.0,24.0,0,0,1,1,1,0,1,1,0,0,1,0,0,0,0,0,1,0,1,1,1,1,1,559.5235529869782
2.0,0.0,70.0,1,0,1,1,0,0,0,0,1,0,0,1,1,0,1,0,0,1,0,1,0,0,0,420.53920967812496
2.0,0.0,180.0,0,0,1,1,0,0,0,1,0,0,1,1,1,0,0,0,1,0,0,1,1,1,0,297.14673102303755
4.0,2.0,124.0,0,0,1,1,0,0,1,1,0,1,1,1,0,1,1,0,0,0,0,1,1,1,0,1523.2481308197
1.0,0.0,55.0,1,0,1,1,0,0,1,1,0,0,0,1,0,1,1,0,0,0,1,0,0,0,0,201.93001652212945
1.0,0.0,50.0,1,0,1,1,0,0,1,1,1,0,1,1,0,0,1,0,1,1,0,1,0,1,0,289.12383718946995
2.0,0.0,100.0,1,0,2,1,0,0,0,0,1,0,1,1,1,1,0,0,1,0,0,1,0,1,0,681.9485908539658
1.0,0.0,136.0,1,0,1,1,0,0,1,1,0,1,1,1,0,1,1,0,0,0,0,1,0,1,0,492.3298017508501
4.0,2.0,106.0,0,0,1,1,0,0,1,1,1,0,1,1,1,0,1,0,0,1,0,1,2,1,1,1271.803047008235
4.0,2.0,90.0,1,0,1,1,0,0,1,1,1,0,1,1,0,1,0,0,1,0,0,0,0,1,1,973.3107341235784
5.0,2.0,200.0,0,0,4,1,0,1,0,1,1,1,1,2,0,0,1,0,1,1,1,0,1,2,0,2375.7160756931253
2.0,0.0,200.0,1,0,1,1,1,0,1,1,1,0,1,1,0,0,1,0,1,1,0,1,1,1,0,969.1059054190716
2.0,0.0,55.0,1,0,0,0,0,0,0,1,0,0,1,1,0,1,1,0,1,1,1,1,3,1,0,296.72633937302606
3.0,1.0,150.0,0,0,2,1,0,0,2,1,1,0,1,1,1,0,1,0,1,0,0,1,3,1,0,879.7149769048201
2.0,0.0,134.0,1,0,1,1,0,0,1,1,0,0,1,1,0,0,1,0,1,1,0,1,1,1,0,584.3514933951193
3.0,1.0,100.0,1,0,1,1,0,0,1,1,1,0,1,1,1,1,1,1,1,1,0,1,1,1,0,1006.7434450412612
3.0,2.0,88.0,1,0,3,1,0,0,0,1,1,0,1,1,1,0,1,0,1,0,0,1,0,1,0,980.8257947261998
2.0,0.0,60.0,1,0,1,1,1,0,1,1,0,2,1,1,0,1,1,0,1,1,1,1,1,1,1,632.8363892505706
1.0,0.0,150.0,0,0,1,1,0,0,1,1,1,0,1,1,0,1,1,0,1,0,0,1,1,1,1,376.1446921936625
2.0,0.0,100.0,0,0,1,1,0,0,0,1,0,0,1,1,0,1,1,0,1,0,0,1,1,1,1,831.5757170499216
2.0,0.0,58.0,1,0,2,0,0,0,0,1,0,0,1,1,1,0,1,0,1,1,1,1,1,1,0,333.43511550426564
2.0,0.0,91.0,1,0,1,1,0,0,0,0,1,0,1,1,0,0,1,0,1,1,1,1,1,1,0,494.0474035768901
3.0,0.0,62.0,1,0,3,1,0,0,3,1,1,0,1,1,2,0,1,0,1,0,0,1,2,1,0,915.427525568245
2.0,0.0,80.0,1,0,1,1,1,0,1,1,1,0,1,1,3,0,0,2,1,1,0,1,0,1,1,805.2569139209202
4.0,2.0,144.0,0,1,2,1,0,0,0,1,1,0,1,1,3,0,1,0,1,0,0,1,3,1,0,1326.7432086811666
4.0,3.0,120.0,1,0,1,1,2,0,0,1,1,0,1,1,0,0,1,0,0,1,0,1,1,1,1,1143.8713688381883
2.0,0.0,109.48771266540643,0,0,1,1,0,0,0,0,1,1,0,1,0,1,0,0,1,1,0,1,1,0,0,937.8556966269088
4.0,2.0,81.0,0,0,1,1,0,0,0,1,0,0,0,1,1,0,1,0,1,1,0,1,1,0,0,407.0660609673
3.0,0.0,70.0,1,0,3,1,0,0,3,1,0,1,1,1,1,1,1,0,1,1,1,1,1,1,1,417.1283257457376
4.0,0.0,86.0,1,0,3,1,0,0,2,1,1,1,1,1,2,1,1,0,1,1,0,1,3,1,1,960.8894512043332
3.0,0.0,130.0,0,0,3,1,1,0,2,1,1,1,1,1,1,0,1,0,1,1,0,1,2,1,0,722.0546458865514
6.0,4.0,150.0,0,1,3,0,0,0,1,0,0,1,1,1,0,1,1,1,0,1,0,1,1,1,0,536.1886829446888
2.0,0.0,87.0,0,0,1,1,0,0,0,1,1,0,1,1,0,0,1,0,1,1,1,1,1,1,0,649.883412370355
3.0,1.0,95.0,1,0,2,1,0,0,1,1,1,1,1,1,1,1,1,0,1,1,0,1,1,1,0,934.3784971671
2.0,0.0,109.48771266540643,1,0,1,1,0,0,0,0,0,0,1,0,0,0,1,0,1,1,0,1,1,1,1,576.397710744975
1.0,0.0,63.0,1,0,1,1,0,0,1,1,1,0,1,0,0,0,0,0,1,0,0,1,1,1,1,918.4891740513752
3.0,1.0,300.0,0,0,3,1,0,0,1,1,1,1,1,1,0,1,1,0,1,1,0,1,1,1,0,1288.03415833689
8.0,0.0,250.0,0,0,7,2,0,0,7,3,2,1,2,2,2,1,2,0,2,2,1,3,1,2,0,2233.520737898411
4.0,1.0,75.0,0,0,4,1,0,0,4,1,1,1,1,1,2,2,1,0,1,1,0,1,2,1,1,1248.4594079076724
1.0,0.0,96.0,1,0,1,1,0,0,1,1,0,0,1,1,1,0,1,0,1,1,1,1,2,1,1,871.5950639343408
2.0,0.0,95.0,1,0,1,1,0,0,1,1,0,0,1,1,1,0,1,0,1,1,1,1,2,1,0,941.8163354120344
3.0,1.0,97.0,1,0,2,1,0,0,1,1,1,0,1,1,1,1,1,0,1,0,0,1,1,1,0,473.84805522393214
2.0,0.0,95.0,1,0,2,1,0,0,1,1,1,0,1,1,0,0,0,0,1,1,0,1,1,1,0,996.9188919011788
3.0,1.0,130.0,1,0,1,1,0,0,1,1,1,1,1,1,0,1,1,0,1,1,0,1,1,1,0,849.5279987044999
1.0,0.0,50.0,1,0,1,1,1,0,0,0,0,0,1,1,1,0,1,0,1,0,0,0,1,1,1,349.34964671281307
2.0,2.0,98.0,1,0,2,1,0,0,1,1,1,1,1,1,0,1,1,0,1,1,1,1,1,1,0,903.4655634016092
5.0,2.0,111.0,0,0,2,1,0,0,1,1,1,0,1,1,1,0,1,0,1,1,0,1,1,1,0,912.083041465575
3.0,1.0,75.0,1,0,1,1,0,0,0,0,1,0,1,1,0,0,1,0,0,1,0,1,1,1,0,453.8462549764034
1.0,0.0,50.0,1,0,1,1,0,0,1,0,0,0,1,1,1,0,1,0,1,0,0,1,1,1,0,383.154494000068
2.0,0.0,72.0,1,0,2,1,0,0,1,1,0,0,1,1,2,1,1,0,1,0,0,1,2,1,1,1022.7719236421556
3.0,1.0,85.0,1,0,1,1,0,0,1,1,0,0,1,1,0,0,1,0,0,1,1,1,1,1,0,444.3003862948161
3.0,1.0,96.0,1,0,1,1,0,0,1,1,0,0,1,0,2,0,1,0,1,0,0,0,2,1,0,549.416045971575
2.0,0.0,75.0,0,0,2,1,0,0,0,1,1,1,1,1,0,1,0,0,1,0,0,0,0,1,0,1075.6773125628583
2.0,0.0,90.0,1,0,1,1,0,0,1,1,1,1,1,1,0,1,0,0,1,0,0,1,1,1,0,514.8500122795799
4.0,2.0,120.0,0,0,1,1,0,0,1,1,1,0,1,1,1,0,0,0,1,1,1,1,1,1,0,790.5408424023857
4.0,2.0,80.0,1,0,1,1,0,0,0,0,0,1,1,1,0,1,1,0,1,1,0,1,1,1,0,599.56211462779
4.0,2.0,180.0,0,0,1,1,0,0,0,1,1,1,1,1,0,1,1,0,0,1,0,0,1,1,0,1165.315828328153
1.0,0.0,68.0,1,0,2,1,1,0,1,1,0,1,1,1,0,1,1,0,1,0,0,1,1,0,0,367.8713059097444
2.0,0.0,50.0,1,0,1,0,0,0,1,1,0,0,1,1,0,0,1,0,1,1,0,1,1,1,1,400.84411200108747
2.0,0.0,140.0,1,0,1,1,0,0,1,1,0,0,0,1,0,0,1,0,1,1,0,1,3,1,0,802.7723613781346
1.0,0.0,60.0,1,0,1,1,0,0,0,1,0,0,1,1,0,0,1,0,0,1,0,1,1,1,0,303.7670571151355
3.0,1.0,80.0,1,0,1,1,0,0,0,1,1,0,1,1,1,0,1,0,1,0,0,0,0,1,0,649.0232285398288
4.0,1.0,216.0,0,0,1,1,0,0,1,1,1,1,1,1,1,0,1,0,1,1,0,1,1,1,0,994.16263204595
3.0,1.0,90.0,1,0,1,1,1,0,0,1,0,1,1,1,1,1,1,0,1,1,0,1,1,1,1,1798.470385097767
2.0,0.0,200.0,0,0,1,1,0,0,0,0,0,0,1,1,0,1,0,0,0,1,0,1,1,1,0,767.5365681597889
1.0,0.0,83.0,1,0,2,1,0,0,0,1,1,0,1,1,1,0,1,0,0,1,0,0,1,1,0,807.1527159105309
1.0,0.0,55.0,1,0,1,1,0,0,1,1,1,0,1,1,1,0,1,0,1,1,0,1,1,1,0,334.41730603273453
2.0,0.0,120.0,1,0,1,1,0,0,0,1,1,1,1,1,1,1,1,0,1,1,0,2,2,1,0,573.5793382352482
2.0,1.0,75.0,0,0,1,1,0,0,1,0,1,1,1,1,1,1,0,0,1,0,0,1,0,1,1,540.8582327385556
2.0,0.0,120.0,1,0,2,1,0,0,0,0,0,0,1,1,8,0,1,0,1,1,0,1,2,1,0,883.4696679489001
4.0,2.0,148.0,0,0,1,1,0,0,1,1,1,1,1,1,1,1,1,0,1,1,0,0,3,1,0,1161.43392218958
2.0,0.0,90.0,1,0,1,1,0,0,1,1,0,0,1,1,0,0,1,0,1,1,1,1,1,1,0,567.5853413499857
2.0,0.0,109.48771266540643,1,0,6,1,0,1,0,1,1,0,1,1,0,1,1,0,1,1,0,0,1,2,0,1282.68967640256
4.0,2.0,200.0,1,0,3,1,0,0,0,1,1,0,1,1,1,0,1,0,1,1,2,1,1,1,0,908.2094835695252
2.0,0.0,76.0,1,0,1,1,0,0,1,1,1,0,1,1,1,1,1,0,0,1,1,1,1,1,0,735.3862527402331
4.0,2.0,140.0,0,1,1,1,0,0,0,1,1,0,1,1,0,0,1,0,1,1,0,1,1,1,1,1271.73978380609
1.0,0.0,73.0,1,0,2,1,0,0,1,1,1,1,1,1,0,0,1,0,1,0,0,0,1,0,0,359.2406551298226
3.0,2.0,140.0,0,0,1,1,1,0,0,1,0,0,1,1,1,1,1,0,1,1,0,1,1,1,0,457.55397702102863
4.0,2.0,56.0,1,0,1,1,0,0,0,1,0,0,1,1,0,0,1,0,0,1,0,1,2,1,1,689.82355188285
4.0,2.0,180.0,0,0,2,1,0,0,1,1,1,1,1,1,0,0,1,0,1,1,0,0,0,1,1,949.300958263325
1.0,0.0,35.0,1,0,1,1,0,0,1,0,1,0,1,1,1,0,0,0,1,0,0,1,1,1,0,359.2326381356778
2.0,0.0,120.0,1,0,3,1,0,0,0,1,0,1,1,1,1,0,1,0,1,1,0,1,2,1,0,377.5534245498086
5.0,3.0,120.0,1,0,1,1,0,0,0,1,0,0,1,1,0,1,1,0,1,1,0,1,2,1,0,1411.0500171305996
1.0,0.0,41.0,1,0,1,1,0,0,1,0,0,0,1,1,0,0,0,0,1,1,0,1,1,1,0,289.3883948551655
1.0,0.0,42.0,1,0,1,1,0,0,0,0,1,0,1,1,0,1,1,0,1,0,0,1,1,1,0,302.4636431810743
3.0,0.0,180.0,0,0,3,2,0,1,1,1,2,2,1,2,0,2,1,0,2,1,0,1,2,1,1,2013.3429898328463
4.0,2.0,62.0,1,0,2,1,0,0,1,1,0,0,1,1,1,0,1,0,1,0,0,1,1,1,0,645.1464216113293
3.0,1.0,110.0,0,0,1,1,0,0,0,1,1,1,1,1,2,1,1,0,1,1,0,1,1,0,0,723.1039883458715
4.0,2.0,125.0,1,0,1,1,0,0,1,1,0,1,1,1,1,1,1,0,1,1,0,1,1,1,0,1093.548901661282
3.0,0.0,140.0,1,0,2,1,0,0,2,1,0,1,1,1,1,2,1,0,1,1,0,1,3,2,1,1369.9342941963002
2.0,0.0,110.0,0,0,1,1,1,0,0,1,1,1,1,1,0,0,1,0,1,1,0,1,1,1,0,600.3963788038201
2.0,0.0,70.0,1,0,2,1,0,0,2,1,1,0,1,1,0,0,0,0,1,1,1,1,0,1,1,573.233607627811
2.0,0.0,110.0,1,0,1,1,0,0,1,0,0,0,1,1,1,0,1,0,1,0,0,1,1,1,0,593.7769724704269
1.0,0.0,55.0,1,0,1,1,0,0,0,1,1,0,1,1,1,0,1,0,1,1,0,1,1,1,0,419.52592797764487
1.0,0.0,50.0,1,0,1,1,0,0,1,1,1,0,1,1,0,0,1,1,1,1,1,1,1,1,0,340.2722771032166
1.0,0.0,52.0,0,0,1,0,0,0,1,1,0,0,1,1,0,0,1,1,1,1,0,1,1,1,1,453.6035254302322
5.0,3.0,150.0,0,0,1,1,1,0,0,1,0,0,0,1,0,0,1,0,1,0,0,1,1,0,0,903.4593472649572
2.0,0.0,180.0,0,0,2,1,0,0,1,1,1,1,1,1,1,1,1,1,1,1,0,1,2,1,0,1092.3208359565288
1.0,0.0,46.0,1,0,1,1,0,0,1,1,0,1,1,1,0,1,0,0,1,0,0,0,1,1,0,412.6003608354773
2.0,0.0,85.0,0,0,1,1,0,0,1,1,1,1,1,1,0,1,1,0,1,1,0,1,0,1,1,753.5325667112502
3.0,1.0,100.0,1,0,2,1,0,0,2,1,1,0,1,1,0,0,1,0,1,1,0,1,0,1,0,526.6526473198222
4.0,2.0,100.0,1,1,1,1,1,0,2,1,1,0,1,1,2,0,1,0,1,1,0,0,2,2,0,1576.506042279578
5.0,3.0,104.0,0,0,4,1,0,0,2,1,1,0,1,1,2,0,1,0,1,1,1,1,1,1,0,760.9250168178643
1.0,0.0,95.0,1,0,1,1,0,0,1,1,1,1,1,1,1,1,1,0,1,1,1,0,2,1,0,699.7788734720399
2.0,0.0,109.48771266540643,1,0,1,1,0,0,0,1,0,0,1,0,0,0,1,0,1,0,0,1,2,1,0,577.6291787499124
2.0,0.0,210.0,0,1,1,1,0,0,1,0,1,0,1,1,0,0,1,0,1,1,0,1,1,1,0,1241.137352584367
3.0,1.0,150.0,0,1,1,1,0,0,1,1,1,0,1,1,1,0,0,0,0,1,0,1,1,1,0,1104.4584075112884
2.0,1.0,40.0,1,0,2,0,0,0,1,1,0,0,1,1,2,0,0,0,1,0,0,0,2,1,0,442.7671368620482
6.0,2.0,150.0,1,0,3,1,0,0,0,2,1,0,1,1,1,0,1,0,1,1,0,1,3,1,1,1570.4038625927378
6.0,4.0,180.0,0,0,4,1,0,0,0,1,1,1,1,1,1,2,1,0,1,1,1,0,3,1,0,1938.5689859432916
3.0,1.0,250.0,1,0,4,2,0,0,0,2,1,0,2,2,2,2,2,0,2,2,0,2,4,2,0,682.644266189028
1.0,0.0,109.48771266540643,1,0,0,0,0,0,0,0,0,0,1,0,0,0,1,0,1,1,0,1,1,1,0,223.96354608766077
3.0,0.0,160.0,0,0,1,1,0,0,1,0,1,1,1,1,1,1,0,0,1,1,0,1,0,1,0,1009.2186016821928
2.0,0.0,80.0,1,0,3,1,0,0,0,1,1,1,1,1,2,0,1,0,1,1,0,1,3,1,0,758.8030389203902
2.0,0.0,109.48771266540643,1,0,1,1,0,0,1,0,0,0,1,0,1,0,1,0,1,0,0,1,1,1,0,460.4899034543059
2.0,0.0,107.0,1,0,1,1,0,0,1,1,0,0,1,1,1,0,1,0,1,1,0,1,1,1,0,746.5752304259586
1.0,0.0,23.0,1,0,1,0,0,0,1,0,0,0,1,0,1,0,1,0,1,1,0,1,1,1,0,175.5816109440808
2.0,2.0,115.0,1,0,2,1,0,0,1,1,1,1,1,1,1,1,2,0,1,0,1,1,0,1,0,683.0661940444558
3.0,1.0,120.0,0,0,1,1,1,0,0,1,1,1,1,1,1,1,0,0,0,0,0,1,0,1,1,1160.0458986735584
3.0,1.0,85.0,1,0,1,1,0,0,1,0,0,0,1,1,1,0,1,0,1,1,0,1,1,1,0,450.23588955985167
1.0,0.0,90.0,1,0,2,1,0,1,0,0,1,0,1,1,0,1,0,0,1,0,0,0,1,1,0,326.8698414715138
1.0,0.0,55.0,1,0,1,0,0,0,0,1,0,0,1,1,1,0,1,0,1,0,0,1,1,1,0,695.6867841828616
2.0,0.0,78.0,1,0,1,1,0,0,1,0,1,0,1,1,0,0,1,0,1,1,0,1,1,1,0,383.8260340990778
2.0,0.0,112.0,1,0,1,1,1,1,0,1,1,0,1,1,1,0,1,0,1,0,1,1,0,1,0,721.8231335847001
7.0,5.0,140.0,0,0,4,1,1,0,3,1,1,0,1,2,1,0,1,0,1,0,0,1,1,1,0,1473.9318021701429
3.0,1.0,109.48771266540643,1,0,1,1,0,0,0,1,1,0,1,1,0,1,1,0,1,1,0,1,1,1,0,789.4068761762915
3.0,0.0,109.0,1,0,3,1,0,0,0,2,1,0,1,1,1,0,1,0,1,0,0,0,3,1,0,785.06301305764
1.0,0.0,35.0,1,0,1,1,0,0,1,1,0,1,0,0,1,1,1,0,1,0,1,0,1,1,0,549.0502041497881
5.0,0.0,114.0,0,0,5,1,2,0,1,1,1,1,1,1,1,2,1,0,1,1,1,1,2,1,2,1919.1490811537003
1.0,0.0,45.0,1,0,0,0,0,0,0,0,0,0,0,0,0,1,1,0,1,0,0,1,1,0,1,374.297253659342
1.0,0.0,70.0,1,0,1,1,0,0,1,0,0,0,1,1,0,1,1,0,0,0,0,1,1,1,0,631.2675592779774
2.0,0.0,120.0,0,1,3,1,0,0,3,1,1,1,0,1,1,1,1,0,1,1,0,1,1,1,0,925.7317279340914
1.0,0.0,60.0,1,0,1,1,0,0,0,0,0,0,1,1,0,0,1,0,1,0,0,1,0,1,0,166.3071159330222
4.0,2.0,150.0,0,0,4,1,0,0,1,1,1,1,1,1,0,1,1,0,1,1,0,1,3,1,0,1137.7365535667832
4.0,0.0,180.0,0,0,1,1,0,0,1,1,1,1,1,1,0,0,0,0,1,1,0,0,0,1,0,1340.5449305344346
4.0,2.0,220.0,0,0,1,1,0,1,2,0,1,1,1,1,1,1,1,1,0,0,0,1,2,1,0,1267.2758878749214
2.0,0.0,74.0,1,0,2,1,0,0,0,1,0,0,1,1,1,0,1,0,1,0,0,1,1,1,0,681.1126837652249
2.0,0.0,80.0,1,0,1,0,1,0,1,1,0,0,1,0,0,0,1,1,1,1,0,1,1,1,1,329.8614835991057
2.0,0.0,110.0,0,0,1,1,0,0,0,1,1,1,1,1,0,0,0,0,1,1,0,1,1,1,0,959.79967728862
2.0,0.0,116.0,0,0,3,1,0,0,0,0,1,1,1,1,1,0,1,0,0,1,0,1,2,1,0,649.0816162398725
2.0,0.0,160.0,0,1,3,1,0,0,1,1,1,0,1,1,0,0,1,0,1,1,0,1,1,1,0,471.7683868008788
2.0,0.0,105.0,1,0,1,1,0,0,1,1,1,0,1,1,1,0,1,0,0,1,0,1,1,1,0,882.25412221482
2.0,0.0,58.0,1,0,1,0,0,0,1,1,0,0,1,1,0,0,0,0,0,0,0,0,1,1,0,680.7571860948
1.0,0.0,64.0,1,0,1,1,0,0,0,1,0,0,1,1,0,1,1,0,0,0,0,1,1,1,0,256.71133683191994
4.0,2.0,90.0,1,0,0,1,0,0,0,0,1,0,1,1,1,0,0,0,0,1,0,1,1,1,0,498.03036388208574
3.0,1.0,130.0,0,0,1,1,0,0,1,1,1,1,1,1,1,1,1,0,1,1,0,0,1,1,0,763.7273396112518
4.0,2.0,73.0,1,0,1,1,0,0,0,1,1,0,1,1,1,1,1,0,0,1,1,1,1,1,1,1467.6954400539598
4.0,2.0,160.0,0,0,1,1,0,0,0,1,1,1,1,1,1,1,1,0,1,0,0,1,2,1,0,1031.4847952041898
3.0,1.0,100.0,0,0,1,1,0,0,1,0,1,0,0,1,0,0,1,0,1,0,1,0,0,0,0,866.8942143248538
4.0,2.0,247.0,0,0,4,1,0,0,1,2,1,0,1,1,1,1,1,0,1,1,0,1,2,1,0,2302.3300971633503
4.0,2.0,160.0,0,0,4,1,0,0,0,1,1,1,1,1,2,1,0,0,1,1,0,1,1,1,0,1041.4109659746723
3.0,0.0,133.0,1,0,3,1,0,0,2,2,1,0,1,1,1,0,1,0,1,2,0,1,3,1,0,568.208445335125
4.0,2.0,125.0,1,1,2,1,0,0,0,1,1,1,1,1,1,1,1,0,1,1,0,1,0,1,0,699.1914618381342
1.0,0.0,45.0,0,0,1,0,0,0,0,0,0,1,1,1,1,1,0,0,0,1,0,1,0,1,0,285.13336692252
2.0,0.0,136.0,1,0,2,1,0,0,0,1,0,1,1,1,0,1,0,0,0,1,0,1,3,1,0,389.612323411695
4.0,2.0,200.0,0,0,1,1,0,1,0,1,1,1,1,1,1,0,1,0,1,1,0,0,3,1,1,2253.6199946540505
1.0,0.0,109.48771266540643,0,0,1,1,0,0,0,0,1,1,1,1,0,0,1,0,1,0,0,0,1,1,0,462.58334120944
1.0,0.0,52.0,1,0,1,1,0,0,0,1,0,0,1,1,1,0,1,0,1,1,0,1,0,1,0,342.21717808770006
4.0,2.0,150.0,0,0,1,1,0,0,1,0,0,0,1,1,1,0,0,0,1,0,0,1,0,1,1,539.8705309378114
2.0,0.0,180.0,0,0,1,1,0,1,1,1,0,0,1,1,0,0,1,0,1,1,0,1,1,1,0,1328.93886463589
2.0,0.0,60.0,1,0,1,1,0,0,1,0,0,0,1,1,0,0,1,0,0,1,0,1,1,1,0,670.0983503608578
2.0,0.0,65.0,1,0,2,1,0,0,2,1,0,1,1,1,0,0,1,0,0,1,0,1,2,1,0,846.9821591404447
4.0,3.0,86.0,1,0,1,1,0,0,1,1,1,1,1,1,1,1,1,0,1,0,1,1,4,1,0,1486.266446636513
2.0,0.0,300.0,0,1,2,1,0,0,1,1,1,1,1,1,0,1,0,0,1,1,0,1,1,1,0,1068.4713683471914
4.0,2.0,160.0,0,0,3,1,0,0,1,1,1,1,1,1,2,2,1,0,1,1,0,1,3,1,0,902.5875561295718
4.0,2.0,105.0,1,0,1,1,0,0,0,1,1,0,1,1,1,0,1,0,1,1,0,1,1,1,0,359.2287908926138
2.0,0.0,75.0,1,0,0,1,0,0,0,0,0,0,1,1,0,1,1,0,1,1,0,1,0,1,0,232.15080430898823
2.0,0.0,98.0,1,0,1,1,0,0,1,1,1,0,1,1,0,0,1,0,1,1,0,1,0,1,0,691.03259215684
4.0,2.0,100.0,0,0,5,1,0,0,2,1,1,1,1,1,1,1,1,0,1,0,0,1,3,1,0,783.3415772970086
2.0,0.0,75.0,1,0,2,1,0,0,1,0,1,0,1,1,0,0,1,0,1,1,0,1,1,1,1,523.5491825232087
2.0,0.0,97.0,1,0,3,1,0,0,0,1,1,0,1,1,3,1,1,0,1,0,0,1,1,1,0,384.4108633189899
3.0,1.0,92.0,1,0,1,1,0,0,0,1,1,0,1,1,1,0,1,0,1,1,0,1,1,1,0,584.5911554969708
4.0,1.0,175.0,0,0,3,1,0,0,2,1,1,1,1,1,2,1,1,0,1,1,0,1,3,1,1,1821.1650245721
2.0,0.0,120.0,1,0,2,1,0,0,1,0,0,1,1,1,1,1,1,0,1,1,0,1,1,1,0,1019.6706719402516
5.0,3.0,155.0,0,0,1,1,0,1,0,1,1,0,1,1,0,0,1,0,0,1,0,1,2,1,0,744.2761342072854
4.0,2.0,85.0,1,0,4,1,0,0,0,1,0,0,1,1,7,0,1,0,1,1,1,1,5,1,0,1388.8480485416596
3.0,0.0,120.0,0,0,3,1,0,0,2,1,1,0,1,1,0,0,1,0,1,1,0,1,1,1,0,617.0031924894749
2.0,0.0,160.0,0,0,1,0,0,0,0,0,0,1,0,0,1,1,0,0,0,0,0,0,1,0,0,990.2432891801144
3.0,1.0,109.48771266540643,0,0,2,1,0,0,0,1,0,0,1,1,2,0,1,0,1,1,1,1,2,1,0,748.59974616778
2.0,0.0,80.0,1,1,1,1,0,0,1,1,0,0,1,1,1,0,1,0,1,1,1,1,1,1,0,754.6605781331399
2.0,0.0,91.0,0,0,1,1,1,0,0,1,1,1,1,1,0,1,1,0,1,1,0,1,1,1,0,1647.7384101258615
2.0,0.0,67.0,1,0,2,1,0,0,1,1,1,1,1,1,1,1,1,0,1,1,0,1,1,1,0,647.5190813056696
1.0,0.0,75.0,1,0,1,1,0,0,1,1,0,0,1,1,0,0,1,0,1,0,1,1,1,1,1,571.8113097614655
5.0,1.0,180.0,1,0,3,1,0,0,2,3,1,0,2,2,1,3,2,0,2,1,1,2,2,2,0,1722.41824229924
1.0,0.0,65.0,1,0,2,1,0,0,1,1,1,0,1,1,1,0,1,0,1,0,1,0,1,1,0,699.2374121600907
4.0,2.0,115.0,0,0,2,1,0,0,0,1,1,1,1,1,0,1,0,0,1,1,0,1,2,1,1,849.1602211635427
1.0,0.0,55.0,1,0,1,1,0,0,0,1,1,0,0,1,0,0,1,0,1,1,0,0,1,1,1,580.9656812286943
4.0,2.0,91.0,1,0,1,1,0,0,1,0,1,1,1,1,1,1,1,0,1,1,0,1,1,1,0,736.47312627835
2.0,0.0,120.0,1,0,2,1,0,0,1,1,1,1,1,1,0,1,1,0,0,1,1,1,3,1,0,1097.7053136501208
2.0,0.0,100.0,1,0,1,1,0,0,0,0,1,1,1,1,0,1,0,0,1,1,0,0,1,1,0,796.0700602893231
2.0,0.0,95.0,1,0,1,1,0,0,1,0,0,0,1,1,0,0,1,0,1,1,0,1,2,1,0,402.9718316892168
1.0,0.0,89.0,1,0,2,1,0,0,2,1,0,1,1,1,0,0,1,0,1,1,0,1,1,1,1,1506.2976490255714
2.0,0.0,125.0,0,0,2,1,0,0,0,1,1,1,1,1,1,1,1,0,1,1,0,1,1,1,0,495.8267260673077
2.0,0.0,80.0,1,0,1,0,1,0,0,0,0,0,0,1,0,0,0,0,0,0,0,0,0,0,1,340.6830057763971
2.0,0.0,89.0,1,0,1,1,0,0,1,1,0,0,1,1,0,0,1,0,0,1,0,1,4,1,0,444.0331616889
4.0,2.0,116.0,1,0,2,1,0,0,1,1,1,0,1,1,0,0,1,0,1,1,0,1,1,1,0,1094.830482333267
1.0,0.0,43.0,1,0,1,0,0,0,1,0,0,1,1,0,1,1,1,0,1,0,1,1,1,0,1,386.8568631566379
2.0,0.0,60.0,1,0,1,1,0,0,1,1,1,1,1,1,1,1,1,0,1,1,1,1,1,1,0,753.6941982950251
4.0,2.0,123.0,1,0,0,1,0,0,0,1,1,0,1,1,1,0,1,0,1,1,0,0,0,1,0,883.7224055316965
1.0,0.0,45.0,1,0,0,1,0,0,0,1,0,0,1,1,0,0,1,0,1,0,0,0,1,1,0,396.4379600283584
5.0,3.0,148.0,0,0,1,1,0,0,1,1,1,1,1,1,0,1,1,0,0,1,0,1,1,1,0,737.9282746265894
1.0,0.0,58.0,1,0,1,1,0,0,1,1,0,0,1,1,0,0,1,0,1,1,0,1,1,1,0,202.8220328655
2.0,0.0,150.0,0,0,1,1,0,1,1,1,1,2,1,1,0,2,1,0,1,1,0,1,5,1,0,766.0286641660178
4.0,2.0,168.0,0,1,1,1,0,0,0,1,1,1,1,1,0,1,1,1,1,1,0,1,3,1,0,898.7772155973087
2.0,0.0,78.0,1,0,1,1,0,0,1,1,0,0,1,1,1,0,1,0,1,1,1,1,1,1,1,785.522596147183
5.0,3.0,180.0,0,0,1,1,1,0,0,1,1,1,1,1,1,1,1,0,0,1,0,1,1,1,0,1148.821605166625
2.0,0.0,125.0,0,0,1,1,0,0,1,1,1,0,1,1,0,1,1,0,1,0,0,1,1,1,0,707.3251500179275
5.0,3.0,160.0,0,0,1,1,0,0,1,0,1,0,1,1,1,1,1,0,1,0,0,0,1,1,0,1066.6277493999555
4.0,0.0,100.0,0,0,4,1,1,1,3,1,1,1,1,1,1,1,1,1,1,1,1,1,4,1,0,1300.572101358
4.0,2.0,155.0,0,0,1,1,0,0,0,1,0,2,1,1,1,2,1,0,1,1,0,1,3,1,0,708.5467960647965
2.0,0.0,84.0,1,0,2,1,0,0,1,1,1,0,1,1,1,0,0,0,1,1,0,1,3,1,0,641.0584797310137
4.0,2.0,140.0,0,0,1,1,0,0,1,1,0,0,1,1,1,1,1,0,1,1,1,1,1,1,0,305.68977540785176
3.0,1.0,45.0,0,0,1,1,0,0,0,1,1,0,0,1,1,1,1,0,1,1,0,1,2,1,0,1124.768704180172
4.0,2.0,165.0,0,0,1,1,0,0,0,0,1,1,1,1,0,1,1,0,1,1,0,1,1,1,0,856.2279550534138
2.0,0.0,200.0,0,1,2,1,0,0,0,1,1,0,1,1,1,1,1,0,1,1,0,1,4,1,0,1570.659906152349
4.0,2.0,80.0,1,0,1,1,0,0,1,0,1,0,1,1,0,1,1,0,1,0,0,1,0,1,0,734.6308976051142
3.0,1.0,100.0,1,0,0,1,0,0,1,1,1,0,1,1,1,0,2,0,0,0,0,1,1,1,0,1187.1105848531502
4.0,2.0,89.0,1,0,3,1,0,0,1,1,1,0,1,1,1,0,0,0,1,1,0,1,0,1,0,1082.7921127576
2.0,0.0,94.0,1,0,1,1,0,0,0,1,0,0,1,1,2,1,1,0,1,1,0,1,1,1,0,551.1683705133343
2.0,0.0,80.0,1,0,1,1,0,0,1,0,0,0,1,1,0,0,1,0,0,1,0,1,1,1,0,387.8024344358904
6.0,1.0,200.0,0,0,1,1,0,0,1,1,0,0,1,1,1,1,1,0,1,1,0,1,1,1,0,1791.6958975024163
2.0,0.0,100.0,0,0,4,1,0,0,1,1,1,1,1,1,0,1,0,0,1,1,0,1,2,1,0,1257.9184331031363
4.0,1.0,120.0,1,0,1,1,0,0,0,1,1,1,1,1,0,1,1,0,1,1,0,1,1,1,0,1765.026354011606
1.0,0.0,109.48771266540643,0,0,1,1,0,0,1,1,0,1,1,1,1,1,1,0,1,0,1,1,0,1,1,970.311175467329
2.0,0.0,104.0,0,0,1,1,0,0,1,1,1,0,1,1,0,1,1,0,0,1,0,1,1,1,0,474.60542394546
4.0,2.0,110.0,0,0,3,1,1,0,1,1,1,1,1,1,1,0,1,0,1,1,0,1,2,1,1,841.5900526403636
1.0,0.0,109.0,1,0,3,1,0,0,1,1,1,0,1,1,1,0,1,0,1,1,0,1,1,1,0,618.6210166033889
5.0,3.0,183.0,1,4,1,1,0,0,1,0,1,1,0,1,0,1,1,0,0,0,0,1,1,1,0,464.5645639047913
3.0,1.0,130.0,0,0,4,1,2,0,3,1,0,0,1,1,5,0,1,0,1,1,0,1,2,1,0,1218.903878964206
5.0,3.0,110.0,0,0,4,1,0,0,3,1,1,1,1,1,1,1,1,0,1,1,0,1,1,1,0,987.81291986069
4.0,2.0,100.0,0,0,1,1,0,0,0,1,0,1,1,1,1,1,1,0,1,1,0,1,1,1,0,796.2842079566068
4.0,2.0,178.0,0,0,1,1,0,0,1,0,1,1,1,1,0,1,1,0,1,1,0,0,1,1,0,749.2493086447078
2.0,0.0,109.48771266540643,1,0,1,1,0,0,1,0,1,1,1,1,1,0,1,0,1,0,0,1,1,1,0,901.0331778334064
2.0,0.0,125.0,1,0,4,1,0,0,2,1,1,1,1,1,1,1,1,0,0,1,0,1,4,1,0,765.42352027221
5.0,3.0,140.0,0,0,1,1,0,0,1,0,1,0,1,1,1,0,1,0,1,1,0,1,1,1,0,771.6367849372353
3.0,2.0,177.0,0,0,1,1,0,0,0,0,1,0,1,1,0,1,0,0,0,1,0,0,0,1,0,832.1233129252286
2.0,0.0,110.0,1,0,2,1,0,0,0,1,0,0,0,1,1,0,1,0,1,0,0,1,3,0,0,648.0176565202501
2.0,1.0,66.0,1,0,1,1,0,0,1,1,0,0,1,1,1,0,1,0,1,1,0,1,1,1,1,766.0453670092934
2.0,0.0,150.0,0,0,2,1,0,0,1,1,0,2,1,1,0,2,1,0,1,1,0,1,1,1,0,779.6352238771999
2.0,1.0,70.0,1,0,1,1,1,0,1,1,1,1,1,1,0,1,1,0,1,0,0,1,1,1,0,1029.3607365127689
5.0,0.0,210.0,0,0,2,1,0,0,0,1,1,1,1,1,1,1,0,0,1,1,0,1,2,1,0,1649.3844215194554
2.0,0.0,150.0,0,0,3,1,0,0,2,1,1,0,1,1,0,1,1,0,1,1,0,1,1,1,0,1033.4713337223502
2.0,0.0,70.0,1,0,1,1,0,0,1,0,0,1,1,1,0,1,1,0,1,0,0,1,1,1,0,642.2958716045465
1.0,0.0,48.0,1,0,1,1,0,0,1,0,0,0,1,1,0,0,0,0,0,0,0,1,1,1,1,305.82221104408507
1.0,0.0,51.0,1,0,1,1,0,0,1,1,0,1,1,1,1,0,1,0,1,1,1,1,1,1,0,337.5213077214274
1.0,0.0,65.0,1,0,1,1,0,0,0,1,1,0,1,1,0,0,0,0,1,0,0,1,1,1,1,420.9258359768735
1.0,0.0,76.0,0,0,0,1,0,0,0,0,0,1,1,1,0,1,1,0,0,0,0,1,1,1,0,438.78883983128566
2.0,0.0,100.0,1,0,2,1,0,0,1,1,1,0,1,1,1,0,1,0,1,0,0,1,0,1,0,794.3987881663038
4.0,2.0,104.0,1,0,1,1,0,0,0,0,1,0,1,1,1,0,1,0,1,0,0,1,1,1,1,1073.839107185417
2.0,0.0,72.0,1,0,1,1,0,0,0,1,1,1,1,1,2,0,1,0,1,1,0,1,2,1,1,1078.6032164625942
4.0,2.0,167.0,0,0,3,1,0,0,0,1,1,0,1,1,0,0,0,1,1,1,0,1,1,1,0,650.5904711608223
3.0,1.0,129.0,1,1,1,1,1,0,1,1,1,1,1,1,0,1,1,0,1,1,0,1,1,1,0,797.6887383080908
5.0,2.0,150.0,0,0,1,1,0,0,0,1,1,1,1,1,1,1,0,0,1,1,0,0,1,1,0,1413.2010487206603
4.0,2.0,160.0,0,1,4,1,0,0,1,1,1,1,1,1,1,0,1,0,1,1,0,1,1,1,0,2532.1938613130915
1.0,0.0,68.0,1,0,1,1,0,0,1,0,1,0,1,1,1,0,1,0,0,1,0,1,1,1,1,786.4040731776772
2.0,0.0,90.0,0,0,1,1,0,0,0,1,1,0,1,1,0,1,1,0,1,1,0,0,1,1,0,939.9265927945384
3.0,1.0,92.0,1,0,1,1,0,0,0,1,0,0,1,1,2,0,1,0,1,0,1,1,0,1,0,638.4405051374894
2.0,0.0,84.0,1,0,1,1,0,0,0,0,0,0,1,1,1,0,0,0,0,0,0,1,1,1,0,445.8937773235363
1.0,0.0,81.0,1,0,13,1,0,0,6,7,0,3,9,5,0,4,12,0,11,10,0,0,8,2,1,488.0147888845607
3.0,1.0,180.0,0,0,3,1,1,0,0,0,0,2,1,1,0,0,0,0,1,1,1,1,0,1,0,983.6015862214758
5.0,3.0,135.0,0,0,1,1,0,1,1,1,1,1,0,1,1,1,1,0,1,1,0,1,1,1,0,921.4713812542548
4.0,1.0,90.0,1,0,4,1,0,0,1,1,0,0,1,1,1,1,1,0,1,1,0,1,1,1,0,1087.36145350134
2.0,0.0,75.0,1,0,1,1,0,0,0,1,0,0,1,1,0,0,1,0,1,1,0,0,0,1,0,716.8405946640208
2.0,1.0,130.0,0,0,3,1,0,0,1,1,1,1,1,1,1,1,1,0,1,1,0,1,1,1,0,719.710894658927
3.0,1.0,240.0,0,0,1,1,0,0,0,0,0,1,1,1,0,2,1,0,1,1,0,1,1,1,0,1208.494363450783
2.0,0.0,117.0,1,0,1,1,0,0,1,1,1,0,1,1,1,1,1,0,1,1,0,1,1,1,0,423.34840884871767
2.0,0.0,83.0,1,0,2,1,0,0,2,1,1,0,1,1,0,1,1,0,0,0,1,1,1,1,0,498.7774477618555
2.0,0.0,120.0,1,0,2,1,0,0,1,1,1,1,1,1,0,2,1,0,1,1,0,1,1,1,1,918.2058347429464
3.0,1.0,144.0,1,0,1,1,0,0,0,0,1,0,1,1,0,0,1,0,1,1,1,0,1,1,0,432.3860523069413
2.0,1.0,76.0,1,0,1,0,0,0,1,0,0,1,1,1,0,1,1,0,0,1,0,1,1,1,0,637.8501674802088
4.0,2.0,100.0,0,0,1,1,0,0,0,1,0,1,1,1,1,1,1,0,1,1,0,1,2,1,0,620.7384504172002
4.0,2.0,90.0,1,0,1,1,0,0,1,1,1,1,1,1,1,1,1,0,1,1,1,1,1,1,0,432.5081906537
2.0,0.0,75.0,1,0,1,1,0,0,1,1,1,0,1,1,1,0,1,0,1,1,0,1,1,1,1,1109.5769695815654
1.0,0.0,63.0,1,0,1,1,0,0,1,1,0,0,1,1,0,0,1,0,1,1,0,0,1,1,0,233.80870757723216
1.0,0.0,55.0,1,0,1,1,0,0,1,1,1,0,1,1,1,0,0,0,1,1,1,1,1,1,1,521.1307243919572
2.0,0.0,97.0,1,0,1,1,0,0,1,1,0,0,1,1,1,0,0,0,0,1,0,1,1,1,0,484.6025723085857
8.0,0.0,170.0,0,0,10,3,1,0,2,9,2,0,9,2,0,8,9,1,9,0,0,9,0,1,0,1483.911021186174
2.0,0.0,120.0,0,0,2,1,0,1,1,1,1,1,1,1,0,2,1,0,0,1,0,1,1,1,0,429.1325174797969
3.0,1.0,180.0,0,0,1,1,0,0,2,1,1,1,1,2,1,0,1,0,1,1,0,1,1,1,0,1118.3551516452449
2.0,0.0,88.0,1,0,1,1,0,0,1,0,0,0,1,1,0,0,1,0,1,1,0,1,1,1,1,485.5550053887201
1.0,0.0,50.0,1,0,1,1,0,0,1,1,0,1,1,1,0,2,1,0,0,1,0,0,1,1,0,601.3158672276908
3.0,0.0,100.0,1,1,2,1,0,0,1,1,0,0,1,1,0,0,1,0,1,1,1,1,2,1,0,877.290653115631
3.0,1.0,109.48771266540643,0,0,1,1,0,1,1,0,0,0,1,1,0,0,1,0,0,0,0,1,1,1,1,970.9944849506574
5.0,2.0,200.0,0,0,2,1,0,0,2,0,1,0,1,1,0,1,1,0,1,1,0,1,2,1,0,728.8557909484456
1.0,0.0,59.0,1,0,0,1,0,0,0,0,1,0,0,1,0,1,0,0,1,0,0,1,1,0,0,249.82526015389652
2.0,0.0,82.0,1,0,1,1,1,0,1,1,1,1,1,1,0,1,1,0,1,1,0,0,0,1,1,689.6332063202742
4.0,2.0,140.0,0,1,4,1,0,0,0,1,1,0,1,1,2,1,1,0,1,1,0,1,3,1,0,1176.3221212402173
4.0,0.0,109.48771266540643,1,1,4,1,0,1,0,2,0,1,1,1,2,0,1,0,1,1,0,1,1,1,0,1388.5485876603932
2.0,0.0,100.0,0,0,3,1,1,0,1,1,1,0,1,1,0,0,1,0,1,1,0,1,1,1,0,764.8165731834
3.0,2.0,73.0,1,0,1,1,1,0,1,0,0,0,1,1,1,1,1,0,1,1,0,1,3,1,0,574.3002473952097
2.0,0.0,72.0,1,0,1,1,1,0,1,1,1,1,1,1,2,1,1,0,1,1,0,1,1,1,1,1500.3923716551512
2.0,0.0,60.0,1,0,1,1,0,0,0,1,0,1,1,1,0,0,1,0,1,1,0,1,1,1,0,374.6806851666291
2.0,0.0,79.0,1,0,1,1,0,0,0,1,0,0,1,1,1,0,1,0,0,1,0,1,1,1,0,530.6838337865482
2.0,0.0,160.0,0,0,2,1,0,0,1,1,1,1,1,1,2,0,1,0,1,1,0,1,3,1,0,1029.428389608068
2.0,0.0,73.0,1,0,1,1,0,0,1,0,0,0,1,1,1,0,1,0,0,1,0,1,1,1,1,967.0044730970336
4.0,2.0,125.0,0,0,2,1,0,0,0,1,1,1,1,2,1,1,1,0,1,1,0,1,1,1,0,928.60873064509
4.0,2.0,150.0,0,0,1,1,0,0,0,1,1,1,1,1,1,1,1,0,1,1,0,1,1,1,0,970.0423928022682
2.0,0.0,140.0,0,0,1,1,0,0,1,1,1,0,1,1,0,1,1,0,1,1,0,1,1,2,0,956.5034593700368
2.0,0.0,150.0,0,0,2,1,0,0,1,1,1,0,1,1,0,0,1,0,1,1,0,1,1,1,0,710.7426106153355
1.0,0.0,55.0,1,0,1,1,0,0,1,1,1,0,1,1,0,0,1,0,1,1,0,1,1,1,1,670.4834848877379
4.0,2.0,162.0,0,0,3,1,0,0,2,1,1,0,1,1,2,0,1,0,1,1,0,1,1,1,0,1354.9748009129485
2.0,0.0,65.0,1,0,1,1,0,0,0,1,1,0,1,1,1,0,1,0,1,1,1,1,2,1,1,719.2654693698312
2.0,0.0,81.0,1,0,1,1,0,0,1,1,1,1,1,1,1,1,1,0,1,1,0,1,0,1,0,393.18964467575
2.0,0.0,190.0,1,0,4,1,0,0,3,1,1,2,3,2,0,3,2,0,1,1,0,2,2,2,0,1149.5350136410736
2.0,0.0,107.0,1,0,1,1,0,0,0,1,0,0,1,1,1,0,0,0,1,1,0,1,1,1,1,540.7072693568501
4.0,2.0,75.0,1,0,1,1,0,0,0,1,1,1,1,1,0,1,0,0,0,1,0,1,1,1,0,496.6223702655599
3.0,1.0,110.0,1,0,1,1,1,0,1,1,1,0,1,1,0,0,1,0,1,1,1,1,1,1,1,1292.1136927582552
4.0,0.0,80.0,1,0,3,1,0,0,1,1,1,0,1,1,1,0,1,0,1,1,1,1,2,1,0,941.2216405640228
1.0,0.0,45.0,1,0,1,0,0,0,1,0,0,1,1,1,1,1,0,0,1,0,0,0,1,1,1,299.3490456847963
2.0,0.0,48.0,1,0,2,1,0,0,0,1,1,0,1,1,0,1,1,0,1,1,0,1,2,1,0,684.014431843663
3.0,1.0,140.0,0,0,2,1,0,1,1,1,1,1,1,1,1,1,1,0,1,0,0,1,2,1,0,1194.3411898668414
1.0,0.0,109.48771266540643,1,0,1,0,0,0,1,0,0,0,0,1,0,1,1,0,0,0,0,0,0,0,0,179.66425948107002
5.0,2.0,120.0,0,1,2,1,0,0,1,1,1,1,0,1,1,1,2,0,1,1,0,1,4,1,0,1103.7055113906597
2.0,0.0,125.0,1,0,1,1,0,0,0,1,1,1,1,1,1,1,1,0,1,1,0,1,1,1,0,642.5232187678166
3.0,1.0,100.0,0,0,1,1,0,0,0,1,1,0,1,1,0,0,1,0,0,1,0,1,1,1,0,968.210914656523
2.0,0.0,109.48771266540643,1,0,1,1,1,0,1,1,0,1,1,1,1,1,1,0,1,0,1,1,1,1,0,361.7721474661371
3.0,0.0,75.0,1,0,0,1,0,0,0,0,0,1,1,1,0,1,1,0,1,0,0,1,3,1,0,637.4535641038716
